accession	ncbi_name	revised_species
GCF_000153625.3	Fusobacterium polymorphum ATCC 10953	Fusobacterium polymorphum
GCF_000158195.2	Fusobacterium mortiferum ATCC 9817	Fusobacterium mortiferum
GCF_000158215.3	Fusobacterium periodonticum 2_1_31	Fusobacterium pseudoperiodonticum
GCF_000158235.1	Fusobacterium gonidiaformans 3-1-5R	Fusobacterium gonidiaformans
GCF_000158255.2	Fusobacterium vincentii 4_1_13	Fusobacterium vincentii
GCF_000158275.2	Fusobacterium animalis 7_1	Fusobacterium animalis
GCF_000158315.2	Fusobacterium ulcerans ATCC 49185	Fusobacterium ulcerans
GCF_000158835.2	Fusobacterium gonidiaformans ATCC 25563	Fusobacterium gonidiaformans
GCF_000159915.2	Fusobacterium varium ATCC 27725	Fusobacterium varium
GCF_000160475.1	Fusobacterium periodonticum ATCC 33693	Fusobacterium periodonticum
GCF_000162235.2	Fusobacterium vincentii 3_1_36A2	Fusobacterium vincentii
GCF_000162355.2	Fusobacterium animalis 3_1_33	Fusobacterium animalis
GCF_000163915.2	Fusobacterium vincentii 3_1_27	Fusobacterium vincentii
GCF_000163935.1	Fusobacterium periodonticum 1_1_41FAA	Fusobacterium pseudoperiodonticum
GCF_000178895.1	Fusobacterium nucleatum subsp. nucleatum ATCC 23726	Fusobacterium nucleatum
GCF_000218645.2	Fusobacterium animalis 21_1A	Fusobacterium animalis
GCF_000218655.1	Fusobacterium animalis 11_3_2	Fusobacterium animalis
GCF_000235465.1	Fusobacterium sp. oral taxon 370 str. F0437	Fusobacterium sp. oral taxon 370
GCF_000242975.1	Fusobacterium animalis F0419	Fusobacterium animalis
GCF_000242995.2	Fusobacterium ulcerans 12-1B	Fusobacterium ulcerans
GCF_000262225.1	Fusobacterium necrophorum subsp. funduliforme ATCC 51357	Fusobacterium necrophorum
GCF_000273605.1	Fusobacterium animalis F0419	Fusobacterium animalis
GCF_000273625.1	Fusobacterium animalis 7_1	Fusobacterium animalis
GCF_000279975.1	Fusobacterium vincentii ATCC 51190	Fusobacterium vincentii
GCF_000292935.1	Fusobacterium hwasookii ChDC F128	Fusobacterium hwasookii
GCF_000292975.1	Fusobacterium necrophorum subsp. funduliforme Fnf 1007	Fusobacterium necrophorum
GCF_000297655.1	Fusobacterium periodonticum D10	Fusobacterium pseudoperiodonticum
GCF_000347315.1	Fusobacterium nucleatum CC53	Fusobacterium vincentii
GCF_000381725.1	Fusobacterium russii ATCC 25533	Fusobacterium russii
GCF_000400875.1	Fusobacterium animalis 4_8	Fusobacterium animalis
GCF_000455865.1	Fusobacterium hwasookii ChDC F145	Fusobacterium hwasookii
GCF_000455885.1	Fusobacterium hwasookii ChDC F174	Fusobacterium hwasookii
GCF_000455905.1	Fusobacterium hwasookii ChDC F206	Fusobacterium hwasookii
GCF_000455925.1	Fusobacterium hwasookii ChDC F300	Fusobacterium hwasookii
GCF_000455945.1	Fusobacterium nucleatum subsp. nucleatum ChDC F316	Fusobacterium nucleatum
GCF_000455965.1	Fusobacterium vincentii ChDC F8	Fusobacterium vincentii
GCF_000455985.1	Fusobacterium animalis ChDC F324	Fusobacterium animalis
GCF_000479205.1	Fusobacterium nucleatum CTI-7	Fusobacterium vincentii
GCF_000479225.1	Fusobacterium nucleatum CTI-5	Fusobacterium animalis
GCF_000479245.1	Fusobacterium nucleatum CTI-3	Fusobacterium animalis
GCF_000479265.1	Fusobacterium nucleatum CTI-2	Fusobacterium nucleatum
GCF_000479285.1	Fusobacterium nucleatum CTI-1	Fusobacterium animalis
GCF_000493815.1	Fusobacterium nucleatum W1481	Fusobacterium simiae
GCF_000524215.1	Fusobacterium sp. CM1	Fusobacterium animalis
GCF_000524235.1	Fusobacterium sp. OBRC1	Fusobacterium polymorphum
GCF_000524395.1	Fusobacterium sp. CM22	Fusobacterium polymorphum
GCF_000600355.1	Fusobacterium necrophorum subsp. funduliforme B35	Fusobacterium necrophorum
GCF_000622045.1	Fusobacterium necrophorum HUN048	Fusobacterium necrophorum
GCF_000622245.1	Fusobacterium perfoetens ATCC 29250	Fusobacterium perfoetens
GCF_000691645.1	Fusobacterium necrophorum BL	Fusobacterium necrophorum
GCF_000691665.1	Fusobacterium necrophorum DJ-1	Fusobacterium necrophorum
GCF_000691685.1	Fusobacterium necrophorum BFTR-1	Fusobacterium necrophorum
GCF_000691705.1	Fusobacterium necrophorum DAB	Fusobacterium necrophorum
GCF_000691745.1	Fusobacterium necrophorum DJ-2	Fusobacterium necrophorum
GCF_001296085.1	Fusobacterium animalis	Fusobacterium animalis
GCF_001296125.1	Fusobacterium vincentii ChDC F8	Fusobacterium vincentii
GCF_001296145.1	Fusobacterium animalis	Fusobacterium animalis
GCF_001296165.1	Fusobacterium nucleatum subsp. nucleatum ChDC F316	Fusobacterium nucleatum
GCF_001433955.1	Fusobacterium polymorphum	Fusobacterium polymorphum
GCF_001455085.1	Fusobacterium hwasookii ChDC F206	Fusobacterium hwasookii
GCF_001455105.1	Fusobacterium hwasookii ChDC F300	Fusobacterium hwasookii
GCF_001455125.1	Fusobacterium polymorphum	Fusobacterium polymorphum
GCF_001455145.1	Fusobacterium hwasookii ChDC F174	Fusobacterium hwasookii
GCF_001457555.1	Fusobacterium polymorphum	Fusobacterium polymorphum
GCF_001510735.1	Fusobacterium nucleatum subsp. nucleatum	Fusobacterium nucleatum
GCF_001546395.1	Fusobacterium equinum	Fusobacterium gonidiaformans
GCF_001546435.1	Fusobacterium nucleatum	Fusobacterium animalis
GCF_001596475.1	Fusobacterium necrophorum subsp. funduliforme	Fusobacterium necrophorum
GCF_001596485.1	Fusobacterium necrophorum subsp. funduliforme	Fusobacterium necrophorum
GCF_001596495.1	Fusobacterium necrophorum subsp. funduliforme	Fusobacterium necrophorum
GCF_001597305.1	Fusobacterium necrophorum subsp. funduliforme	Fusobacterium necrophorum
GCF_001597315.1	Fusobacterium necrophorum subsp. funduliforme	Fusobacterium necrophorum
GCF_001597325.1	Fusobacterium necrophorum subsp. funduliforme	Fusobacterium necrophorum
GCF_001597335.1	Fusobacterium necrophorum subsp. funduliforme	Fusobacterium necrophorum
GCF_001597385.1	Fusobacterium necrophorum subsp. funduliforme	Fusobacterium necrophorum
GCF_001597395.1	Fusobacterium necrophorum subsp. funduliforme	Fusobacterium necrophorum
GCF_001597405.1	Fusobacterium necrophorum subsp. funduliforme	Fusobacterium necrophorum
GCF_001597445.1	Fusobacterium necrophorum subsp. funduliforme	Fusobacterium necrophorum
GCF_001597465.1	Fusobacterium necrophorum subsp. funduliforme	Fusobacterium necrophorum
GCF_001597475.1	Fusobacterium necrophorum subsp. funduliforme	Fusobacterium necrophorum
GCF_001597485.1	Fusobacterium necrophorum subsp. funduliforme	Fusobacterium necrophorum
GCF_001597525.1	Fusobacterium necrophorum subsp. funduliforme	Fusobacterium necrophorum
GCF_001597545.1	Fusobacterium necrophorum subsp. funduliforme	Fusobacterium necrophorum
GCF_001597565.1	Fusobacterium necrophorum subsp. funduliforme	Fusobacterium necrophorum
GCF_001597575.1	Fusobacterium necrophorum subsp. funduliforme	Fusobacterium necrophorum
GCF_001810475.1	Fusobacterium sp. HMSC073F01	Fusobacterium varium
GCF_001810995.1	Fusobacterium sp. HMSC064B12	Fusobacterium vincentii
GCF_001813745.1	Fusobacterium sp. HMSC065F01	Fusobacterium animalis
GCF_001815715.1	Fusobacterium sp. HMSC064B11	Fusobacterium polymorphum
GCF_001854465.1	Fusobacterium nucleatum	Fusobacterium vincentii
GCF_002202115.1	Fusobacterium polymorphum	Fusobacterium polymorphum
GCF_002204435.1	Fusobacterium polymorphum	Fusobacterium polymorphum
GCF_002211605.1	Fusobacterium nucleatum subsp. nucleatum	Fusobacterium nucleatum
GCF_002211625.1	Fusobacterium polymorphum	Fusobacterium polymorphum
GCF_002243405.1	Fusobacterium sp. oral taxon 203	Fusobacterium nucleatum
GCF_002573475.1	Fusobacterium animalis	Fusobacterium animalis
GCF_002573625.1	Fusobacterium polymorphum	Fusobacterium polymorphum
GCF_002591465.1	Fusobacterium polymorphum	Fusobacterium polymorphum
GCF_002591475.1	Fusobacterium polymorphum	Fusobacterium polymorphum
GCF_002591505.1	Fusobacterium polymorphum	Fusobacterium polymorphum
GCF_002591515.1	Fusobacterium polymorphum	Fusobacterium polymorphum
GCF_002591545.1	Fusobacterium polymorphum	Fusobacterium polymorphum
GCF_002591555.1	Fusobacterium polymorphum	Fusobacterium polymorphum
GCF_002591585.1	Fusobacterium polymorphum	Fusobacterium polymorphum
GCF_002591645.1	Fusobacterium polymorphum	Fusobacterium polymorphum
GCF_002749995.1	Fusobacterium vincentii	Fusobacterium vincentii
GCF_002761915.1	Fusobacterium polymorphum	Fusobacterium polymorphum
GCF_002761935.1	Fusobacterium pseudoperiodonticum	Fusobacterium pseudoperiodonticum
GCF_002761955.1	Fusobacterium pseudoperiodonticum	Fusobacterium pseudoperiodonticum
GCF_002761995.1	Fusobacterium necrophorum subsp. funduliforme	Fusobacterium necrophorum
GCF_002762005.1	Fusobacterium animalis	Fusobacterium animalis
GCF_002762015.1	Fusobacterium animalis	Fusobacterium animalis
GCF_002762025.1	Fusobacterium necrophorum subsp. funduliforme	Fusobacterium necrophorum
GCF_002763595.1	Fusobacterium pseudoperiodonticum	Fusobacterium pseudoperiodonticum
GCF_002763625.1	Fusobacterium pseudoperiodonticum	Fusobacterium pseudoperiodonticum
GCF_002763695.1	Fusobacterium pseudoperiodonticum	Fusobacterium pseudoperiodonticum
GCF_002763735.1	Fusobacterium pseudoperiodonticum	Fusobacterium pseudoperiodonticum
GCF_002763775.1	Fusobacterium pseudoperiodonticum	Fusobacterium pseudoperiodonticum
GCF_002763815.1	Fusobacterium pseudoperiodonticum	Fusobacterium pseudoperiodonticum
GCF_002763875.1	Fusobacterium pseudoperiodonticum	Fusobacterium pseudoperiodonticum
GCF_002763915.1	Fusobacterium pseudoperiodonticum	Fusobacterium pseudoperiodonticum
GCF_002763925.1	Fusobacterium pseudoperiodonticum	Fusobacterium pseudoperiodonticum
GCF_002764055.1	Fusobacterium vincentii	Fusobacterium vincentii
GCF_002884895.1	Fusobacterium nucleatum	Fusobacterium animalis
GCF_003019295.1	Fusobacterium nucleatum subsp. nucleatum ATCC 25586	Fusobacterium nucleatum
GCF_003019315.1	Fusobacterium mortiferum ATCC 9817	Fusobacterium mortiferum
GCF_003019655.1	Fusobacterium varium ATCC 27725	Fusobacterium varium
GCF_003019675.1	Fusobacterium ulcerans	Fusobacterium ulcerans
GCF_003019695.1	Fusobacterium gonidiaformans ATCC 25563	Fusobacterium gonidiaformans
GCF_003019715.1	Fusobacterium necrophorum subsp. funduliforme	Fusobacterium necrophorum
GCF_003019755.1	Fusobacterium periodonticum	Fusobacterium pseudoperiodonticum
GCF_003019785.1	Fusobacterium nucleatum subsp. nucleatum ATCC 23726	Fusobacterium nucleatum
GCF_003436335.1	Fusobacterium varium	Fusobacterium varium
GCF_003438345.1	Fusobacterium mortiferum	Fusobacterium mortiferum
GCF_003463295.1	Fusobacterium ulcerans	Fusobacterium ulcerans
GCF_003470285.1	Fusobacterium mortiferum	Fusobacterium mortiferum
GCF_003470425.1	Fusobacterium varium	Fusobacterium varium
GCF_003470805.1	Fusobacterium mortiferum	Fusobacterium mortiferum
GCF_003732505.1	Fusobacterium necrophorum subsp. funduliforme	Fusobacterium necrophorum
GCF_003732525.1	Fusobacterium necrophorum subsp. funduliforme	Fusobacterium necrophorum
GCF_003859915.1	Fusobacterium canifelinum	Fusobacterium canifelinum
GCF_004134945.1	Fusobacterium necrophorum	Fusobacterium necrophorum
GCF_004134955.1	Fusobacterium necrophorum	Fusobacterium necrophorum
GCF_008633215.1	Fusobacterium nucleatum	Fusobacterium watanabei
GCF_008801775.1	Fusobacterium necrophorum subsp. funduliforme	Fusobacterium necrophorum
GCF_009696105.1	Fusobacterium sp. FSA-380-WT-2B	Fusobacterium mortiferum
GCF_010367435.1	Fusobacterium sp. IOR10	Fusobacterium sp. IOR10
GCF_012843705.1	Fusobacterium sp. FSA-380-WT-3A	Fusobacterium sp. FSA-380-WT-3A
GCF_014217355.1	Fusobacterium hwasookii	Fusobacterium hwasookii
GCF_014217375.1	Fusobacterium hwasookii	Fusobacterium hwasookii
GCF_014337255.1	Fusobacterium hominis	Fusobacterium hominis
GCF_015552935.1	Fusobacterium sp. 1001295B_180824_G3	Fusobacterium simiae
GCF_015555635.1	Fusobacterium varium	Fusobacterium varium
GCF_016127595.1	Fusobacterium canifelinum	Fusobacterium canifelinum
GCF_016724785.1	Fusobacterium canifelinum	Fusobacterium canifelinum
GCF_016902335.1	Fusobacterium mortiferum	Fusobacterium sp. An425
GCF_018205305.1	Fusobacterium sp. DD4	Fusobacterium bovis
GCF_018205335.1	Fusobacterium sp. DD3	Fusobacterium bovis
GCF_018205345.1	Fusobacterium sp. DD2	Fusobacterium bovis
GCF_018205395.1	Fusobacterium sp. DD1	Fusobacterium bovis
GCF_018205455.1	Fusobacterium sp. DD6	Fusobacterium bovis
GCF_018205515.1	Fusobacterium sp. DD10	Fusobacterium bovis
GCF_018205555.1	Fusobacterium sp. DD13	Fusobacterium bovis
GCF_018205575.1	Fusobacterium sp. DD12	Fusobacterium bovis
GCF_018205755.1	Fusobacterium sp. DD14	Fusobacterium bovis
GCF_018205855.1	Fusobacterium sp. DD17	Fusobacterium bovis
GCF_018206035.1	Fusobacterium sp. DD25	Fusobacterium bovis
GCF_018206065.1	Fusobacterium sp. DD26	Fusobacterium bovis
GCF_018206095.1	Fusobacterium sp. DD29	Fusobacterium bovis
GCF_018206215.1	Fusobacterium sp. DD28	Fusobacterium bovis
GCF_018206505.1	Fusobacterium necrophorum subsp. funduliforme	Fusobacterium necrophorum
GCF_018206575.1	Fusobacterium sp. DD40	Fusobacterium bovis
GCF_018206655.1	Fusobacterium sp. DD43	Fusobacterium bovis
GCF_018206885.1	Fusobacterium sp. DD45	Fusobacterium bovis
GCF_019551945.1	Fusobacterium hwasookii	Fusobacterium hwasookii
GCF_019552005.1	Fusobacterium vincentii	Fusobacterium vincentii
GCF_019552045.1	Fusobacterium polymorphum	Fusobacterium polymorphum
GCF_019552065.1	Fusobacterium polymorphum	Fusobacterium polymorphum
GCF_019552085.1	Fusobacterium animalis	Fusobacterium animalis
GCF_019552105.1	Fusobacterium animalis	Fusobacterium animalis
GCF_019552125.1	Fusobacterium animalis	Fusobacterium animalis
GCF_020590195.1	Fusobacterium ulcerans	Fusobacterium ulcerans
GCF_020593925.1	Fusobacterium ulcerans	Fusobacterium ulcerans
GCF_021531475.1	Fusobacterium perfoetens	Fusobacterium sp. An888
GCF_021531595.1	Fusobacterium perfoetens	Fusobacterium sp. An877
GCF_021531635.1	Fusobacterium mortiferum	Fusobacterium mortiferum
GCF_021531855.1	Fusobacterium varium	Fusobacterium varium
GCF_021532115.1	Fusobacterium mortiferum	Fusobacterium mortiferum
GCF_022340105.1	Fusobacterium nucleatum	Fusobacterium animalis
GCF_022340145.1	Fusobacterium nucleatum	Fusobacterium nucleatum
GCF_022340165.1	Fusobacterium nucleatum	Fusobacterium vincentii
GCF_023383525.1	Fusobacterium nucleatum YWH7054	Fusobacterium animalis
GCF_023383545.1	Fusobacterium nucleatum YWH7053	Fusobacterium animalis
GCF_023383575.1	Fusobacterium nucleatum YWH7055	Fusobacterium animalis
GCF_023383605.1	Fusobacterium nucleatum YWH7056	Fusobacterium animalis
GCF_023383645.1	Fusobacterium nucleatum YWH7199	Fusobacterium animalis
GCF_024140205.1	Fusobacterium vincentii	Fusobacterium vincentii
GCF_024220095.1	Fusobacterium polymorphum	Fusobacterium polymorphum
GCF_026089295.1	Fusobacterium simiae	Fusobacterium simiae
GCF_027666755.1	Fusobacterium mortiferum	Fusobacterium mortiferum
GCF_027669435.1	Fusobacterium varium	Fusobacterium varium
GCF_027672075.1	Fusobacterium varium	Fusobacterium varium
GCF_027682085.1	Fusobacterium polymorphum	Fusobacterium polymorphum
GCF_027692185.1	Fusobacterium hominis	Fusobacterium hominis
GCF_028561705.1	Fusobacterium simiae	Fusobacterium simiae
GCF_028621975.1	Fusobacterium nucleatum	Fusobacterium vincentii
GCF_028621995.1	Fusobacterium nucleatum	Fusobacterium watanabei
GCF_028657925.1	Fusobacterium nucleatum	Fusobacterium animalis
GCF_028743415.1	Fusobacterium nucleatum	Fusobacterium animalis
GCF_029894495.1	Fusobacterium sp. PH5-7	Fusobacterium ulcerans
GCF_030180395.1	Fusobacterium necrophorum	Fusobacterium necrophorum
GCF_030180405.1	Fusobacterium necrophorum	Fusobacterium necrophorum
GCF_030180445.1	Fusobacterium necrophorum	Fusobacterium necrophorum
GCF_030180465.1	Fusobacterium necrophorum	Fusobacterium necrophorum
GCF_030180475.1	Fusobacterium necrophorum	Fusobacterium necrophorum
GCF_030180485.1	Fusobacterium necrophorum	Fusobacterium necrophorum
GCF_030180505.1	Fusobacterium necrophorum	Fusobacterium necrophorum
GCF_030180545.1	Fusobacterium necrophorum	Fusobacterium necrophorum
GCF_030180565.1	Fusobacterium necrophorum	Fusobacterium necrophorum
GCF_030180575.1	Fusobacterium necrophorum	Fusobacterium necrophorum
GCF_030180585.1	Fusobacterium necrophorum	Fusobacterium necrophorum
GCF_030180625.1	Fusobacterium necrophorum	Fusobacterium necrophorum
GCF_030180645.1	Fusobacterium necrophorum	Fusobacterium necrophorum
GCF_030180665.1	Fusobacterium necrophorum	Fusobacterium necrophorum
GCF_030180685.1	Fusobacterium necrophorum	Fusobacterium necrophorum
GCF_030180695.1	Fusobacterium necrophorum	Fusobacterium necrophorum
GCF_030180725.1	Fusobacterium necrophorum	Fusobacterium necrophorum
GCF_030180765.1	Fusobacterium necrophorum	Fusobacterium necrophorum
GCF_030180785.1	Fusobacterium necrophorum	Fusobacterium necrophorum
GCF_030180805.1	Fusobacterium necrophorum	Fusobacterium necrophorum
GCF_030180825.1	Fusobacterium necrophorum	Fusobacterium necrophorum
GCF_030180835.1	Fusobacterium necrophorum	Fusobacterium necrophorum
GCF_030180865.1	Fusobacterium necrophorum	Fusobacterium necrophorum
GCF_030180885.1	Fusobacterium necrophorum	Fusobacterium necrophorum
GCF_030180905.1	Fusobacterium necrophorum	Fusobacterium necrophorum
GCF_030180925.1	Fusobacterium necrophorum	Fusobacterium necrophorum
GCF_031191795.1	Fusobacterium nucleatum	Fusobacterium nucleatum
GCF_035320945.1	Fusobacterium polymorphum	Fusobacterium polymorphum
GCF_035321665.1	Fusobacterium polymorphum	Fusobacterium polymorphum
GCF_035321705.1	Fusobacterium polymorphum	Fusobacterium polymorphum
GCF_035321765.1	Fusobacterium polymorphum	Fusobacterium polymorphum
GCF_035321985.1	Fusobacterium polymorphum	Fusobacterium polymorphum
GCF_036323455.1	Fusobacterium vincentii	Fusobacterium vincentii
GCF_036867555.1	Fusobacterium varium	Fusobacterium varium
GCF_036907355.1	Fusobacterium varium	Fusobacterium varium
GCF_037031305.1	Fusobacterium polymorphum	Fusobacterium polymorphum
GCF_037031325.1	Fusobacterium polymorphum	Fusobacterium polymorphum
GCF_037031345.1	Fusobacterium polymorphum	Fusobacterium polymorphum
GCF_037031365.1	Fusobacterium polymorphum	Fusobacterium polymorphum
GCF_037031385.1	Fusobacterium polymorphum	Fusobacterium polymorphum
GCF_037031405.1	Fusobacterium polymorphum	Fusobacterium polymorphum
GCF_037031425.1	Fusobacterium polymorphum	Fusobacterium polymorphum
GCF_037031435.1	Fusobacterium polymorphum	Fusobacterium polymorphum
GCF_037031465.1	Fusobacterium polymorphum	Fusobacterium polymorphum
GCF_037031485.1	Fusobacterium polymorphum	Fusobacterium polymorphum
GCF_037031505.1	Fusobacterium polymorphum	Fusobacterium polymorphum
GCF_037031525.1	Fusobacterium polymorphum	Fusobacterium polymorphum
GCF_037031545.1	Fusobacterium polymorphum	Fusobacterium polymorphum
GCF_037031565.1	Fusobacterium polymorphum	Fusobacterium polymorphum
GCF_037031585.1	Fusobacterium polymorphum	Fusobacterium polymorphum
GCF_037031605.1	Fusobacterium polymorphum	Fusobacterium polymorphum
GCF_037031625.1	Fusobacterium polymorphum	Fusobacterium polymorphum
GCF_037031645.1	Fusobacterium polymorphum	Fusobacterium polymorphum
GCF_037031665.1	Fusobacterium polymorphum	Fusobacterium polymorphum
GCF_037031685.1	Fusobacterium polymorphum	Fusobacterium polymorphum
GCF_037031705.1	Fusobacterium polymorphum	Fusobacterium polymorphum
GCF_037031725.1	Fusobacterium polymorphum	Fusobacterium polymorphum
GCF_037031745.1	Fusobacterium polymorphum	Fusobacterium polymorphum
GCF_037031765.1	Fusobacterium polymorphum	Fusobacterium polymorphum
GCF_037031785.1	Fusobacterium polymorphum	Fusobacterium polymorphum
GCF_037031805.1	Fusobacterium polymorphum	Fusobacterium polymorphum
GCF_037031825.1	Fusobacterium polymorphum	Fusobacterium polymorphum
GCF_037031845.1	Fusobacterium polymorphum	Fusobacterium polymorphum
GCF_037031865.1	Fusobacterium polymorphum	Fusobacterium polymorphum
GCF_037031885.1	Fusobacterium polymorphum	Fusobacterium polymorphum
GCF_037031905.1	Fusobacterium polymorphum	Fusobacterium polymorphum
GCF_037031925.1	Fusobacterium polymorphum	Fusobacterium polymorphum
GCF_037031945.1	Fusobacterium polymorphum	Fusobacterium polymorphum
GCF_037032145.1	Fusobacterium polymorphum	Fusobacterium polymorphum
GCF_037032165.1	Fusobacterium polymorphum	Fusobacterium polymorphum
GCF_037032185.1	Fusobacterium polymorphum	Fusobacterium polymorphum
GCF_037032205.1	Fusobacterium polymorphum	Fusobacterium polymorphum
GCF_037032225.1	Fusobacterium polymorphum	Fusobacterium polymorphum
GCF_037032245.1	Fusobacterium polymorphum	Fusobacterium polymorphum
GCF_037032265.1	Fusobacterium polymorphum	Fusobacterium polymorphum
GCF_037032275.1	Fusobacterium polymorphum	Fusobacterium polymorphum
GCF_037032305.1	Fusobacterium polymorphum	Fusobacterium polymorphum
GCF_037032325.1	Fusobacterium polymorphum	Fusobacterium polymorphum
GCF_037032345.1	Fusobacterium polymorphum	Fusobacterium polymorphum
GCF_037032365.1	Fusobacterium polymorphum	Fusobacterium polymorphum
GCF_037032385.1	Fusobacterium polymorphum	Fusobacterium polymorphum
GCF_037032405.1	Fusobacterium polymorphum	Fusobacterium polymorphum
GCF_037032425.1	Fusobacterium polymorphum	Fusobacterium polymorphum
GCF_037032445.1	Fusobacterium polymorphum	Fusobacterium polymorphum
GCF_037032465.1	Fusobacterium polymorphum	Fusobacterium polymorphum
GCF_037032485.1	Fusobacterium polymorphum	Fusobacterium polymorphum
GCF_037032505.1	Fusobacterium polymorphum	Fusobacterium polymorphum
GCF_037032525.1	Fusobacterium polymorphum	Fusobacterium polymorphum
GCF_037032545.1	Fusobacterium polymorphum	Fusobacterium polymorphum
GCF_037032565.1	Fusobacterium polymorphum	Fusobacterium polymorphum
GCF_037577715.1	Fusobacterium nucleatum	Fusobacterium watanabei
GCF_037577975.1	Fusobacterium necrophorum	Fusobacterium necrophorum
GCF_037578495.1	Fusobacterium ulcerans	Fusobacterium ulcerans
GCF_037888955.1	Fusobacterium animalis	Fusobacterium animalis
GCF_037888965.1	Fusobacterium polymorphum	Fusobacterium polymorphum
GCF_037888975.1	Fusobacterium animalis	Fusobacterium animalis
GCF_037888985.1	Fusobacterium polymorphum	Fusobacterium polymorphum
GCF_037888995.1	Fusobacterium animalis	Fusobacterium animalis
GCF_037889005.1	Fusobacterium nucleatum subsp. nucleatum	Fusobacterium nucleatum
GCF_037889015.1	Fusobacterium animalis	Fusobacterium animalis
GCF_037889025.1	Fusobacterium polymorphum	Fusobacterium polymorphum
GCF_037889035.1	Fusobacterium animalis	Fusobacterium animalis
GCF_037889045.1	Fusobacterium animalis	Fusobacterium animalis
GCF_037889055.1	Fusobacterium nucleatum	Fusobacterium nucleatum
GCF_037889065.1	Fusobacterium nucleatum	Fusobacterium watanabei
GCF_037889075.1	Fusobacterium canifelinum	Fusobacterium canifelinum
GCF_037889085.1	Fusobacterium pseudoperiodonticum	Fusobacterium pseudoperiodonticum
GCF_037889095.1	Fusobacterium nucleatum	Fusobacterium watanabei
GCF_037889105.1	Fusobacterium nucleatum	Fusobacterium watanabei
GCF_037889115.1	Fusobacterium nucleatum	Fusobacterium watanabei
GCF_037889125.1	Fusobacterium nucleatum	Fusobacterium nucleatum
GCF_037889135.1	Fusobacterium nucleatum	Fusobacterium watanabei
GCF_037889145.1	Fusobacterium nucleatum	Fusobacterium watanabei
GCF_037889155.1	Fusobacterium nucleatum	Fusobacterium watanabei
GCF_037889165.1	Fusobacterium nucleatum	Fusobacterium watanabei
GCF_037889175.1	Fusobacterium nucleatum	Fusobacterium nucleatum
GCF_037889185.1	Fusobacterium nucleatum	Fusobacterium watanabei
GCF_037889195.1	Fusobacterium nucleatum	Fusobacterium watanabei
GCF_037889205.1	Fusobacterium nucleatum	Fusobacterium watanabei
GCF_037889215.1	Fusobacterium nucleatum	Fusobacterium watanabei
GCF_037889225.1	Fusobacterium nucleatum	Fusobacterium watanabei
GCF_037889235.1	Fusobacterium nucleatum	Fusobacterium nucleatum
GCF_037889245.1	Fusobacterium nucleatum	Fusobacterium watanabei
GCF_037889255.1	Fusobacterium nucleatum	Fusobacterium nucleatum
GCF_037889265.1	Fusobacterium nucleatum	Fusobacterium watanabei
GCF_037889275.1	Fusobacterium nucleatum	Fusobacterium animalis
GCF_037889285.1	Fusobacterium nucleatum	Fusobacterium nucleatum
GCF_037889295.1	Fusobacterium necrophorum	Fusobacterium necrophorum
GCF_037889305.1	Fusobacterium varium	Fusobacterium varium
GCF_037889315.1	Fusobacterium nucleatum	Fusobacterium nucleatum
GCF_037889325.1	Fusobacterium nucleatum	Fusobacterium nucleatum
GCF_037889335.1	Fusobacterium nucleatum	Fusobacterium watanabei
GCF_037889345.1	Fusobacterium nucleatum	Fusobacterium watanabei
GCF_037889355.1	Fusobacterium pseudoperiodonticum	Fusobacterium pseudoperiodonticum
GCF_037889365.1	Fusobacterium nucleatum	Fusobacterium watanabei
GCF_037889375.1	Fusobacterium nucleatum	Fusobacterium nucleatum
GCF_037889385.1	Fusobacterium nucleatum	Fusobacterium nucleatum
GCF_037890135.1	Fusobacterium nucleatum	Fusobacterium nucleatum
GCF_037893335.1	Fusobacterium animalis	Fusobacterium animalis
GCF_037893545.1	Fusobacterium vincentii	Fusobacterium vincentii
GCF_037893695.1	Fusobacterium polymorphum	Fusobacterium polymorphum
GCF_037893865.1	Fusobacterium polymorphum	Fusobacterium polymorphum
GCF_037895375.1	Fusobacterium vincentii	Fusobacterium vincentii
GCF_037897415.1	Fusobacterium animalis	Fusobacterium animalis
GCF_037897425.1	Fusobacterium animalis	Fusobacterium animalis
GCF_037897485.1	Fusobacterium animalis	Fusobacterium animalis
GCF_037897495.1	Fusobacterium polymorphum	Fusobacterium polymorphum
GCF_037897505.1	Fusobacterium animalis	Fusobacterium animalis
GCF_037897515.1	Fusobacterium animalis	Fusobacterium animalis
GCF_037897535.1	Fusobacterium animalis	Fusobacterium animalis
GCF_037897545.1	Fusobacterium animalis	Fusobacterium animalis
GCF_037897555.1	Fusobacterium polymorphum	Fusobacterium polymorphum
GCF_037897565.1	Fusobacterium polymorphum	Fusobacterium polymorphum
GCF_037897635.1	Fusobacterium polymorphum	Fusobacterium polymorphum
GCF_037897925.1	Fusobacterium polymorphum	Fusobacterium polymorphum
GCF_037898185.1	Fusobacterium polymorphum	Fusobacterium polymorphum
GCF_037900345.1	Fusobacterium nucleatum subsp. nucleatum ATCC 25586	Fusobacterium nucleatum
GCF_037900625.1	Fusobacterium polymorphum ATCC 10953	Fusobacterium polymorphum
GCF_037901015.1	Fusobacterium varium	Fusobacterium heteroulcerans
GCF_037904495.1	Fusobacterium polymorphum	Fusobacterium polymorphum
GCF_037904575.1	Fusobacterium animalis	Fusobacterium animalis
GCF_037904585.1	Fusobacterium vincentii	Fusobacterium vincentii
GCF_037904595.1	Fusobacterium animalis	Fusobacterium animalis
GCF_037904605.1	Fusobacterium polymorphum	Fusobacterium polymorphum
GCF_037904615.1	Fusobacterium vincentii	Fusobacterium vincentii
GCF_037904725.1	Fusobacterium animalis	Fusobacterium animalis
GCF_037904935.1	Fusobacterium polymorphum	Fusobacterium polymorphum
GCF_037905245.1	Fusobacterium animalis	Fusobacterium animalis
GCF_037905975.1	Fusobacterium polymorphum	Fusobacterium polymorphum
GCF_037906325.1	Fusobacterium polymorphum	Fusobacterium polymorphum
GCF_037906355.1	Fusobacterium animalis	Fusobacterium animalis
GCF_037906365.1	Fusobacterium polymorphum	Fusobacterium polymorphum
GCF_037906395.1	Fusobacterium animalis	Fusobacterium animalis
GCF_037906465.1	Fusobacterium animalis	Fusobacterium animalis
GCF_037907055.1	Fusobacterium animalis	Fusobacterium animalis
GCF_037908355.1	Fusobacterium animalis	Fusobacterium animalis
GCF_037909675.1	Fusobacterium animalis	Fusobacterium animalis
GCF_037911025.1	Fusobacterium animalis	Fusobacterium animalis
GCF_037911815.1	Fusobacterium animalis	Fusobacterium animalis
GCF_037911825.1	Fusobacterium vincentii	Fusobacterium vincentii
GCF_037911835.1	Fusobacterium vincentii	Fusobacterium vincentii
GCF_037911845.1	Fusobacterium animalis	Fusobacterium animalis
GCF_037911855.1	Fusobacterium animalis	Fusobacterium animalis
GCF_037911865.1	Fusobacterium vincentii	Fusobacterium vincentii
GCF_037911875.1	Fusobacterium animalis	Fusobacterium animalis
GCF_037911885.1	Fusobacterium animalis	Fusobacterium animalis
GCF_037911895.1	Fusobacterium polymorphum	Fusobacterium polymorphum
GCF_037911905.1	Fusobacterium animalis	Fusobacterium animalis
GCF_037911915.1	Fusobacterium animalis	Fusobacterium animalis
GCF_037911925.1	Fusobacterium animalis	Fusobacterium animalis
GCF_037911935.1	Fusobacterium animalis	Fusobacterium animalis
GCF_037911945.1	Fusobacterium animalis	Fusobacterium animalis
GCF_037911955.1	Fusobacterium animalis	Fusobacterium animalis
GCF_037911965.1	Fusobacterium polymorphum	Fusobacterium polymorphum
GCF_037911975.1	Fusobacterium animalis	Fusobacterium animalis
GCF_037911985.1	Fusobacterium polymorphum	Fusobacterium polymorphum
GCF_037911995.1	Fusobacterium polymorphum	Fusobacterium polymorphum
GCF_037912005.1	Fusobacterium polymorphum	Fusobacterium polymorphum
GCF_037912015.1	Fusobacterium polymorphum	Fusobacterium polymorphum
GCF_037912025.1	Fusobacterium animalis	Fusobacterium animalis
GCF_037912275.1	Fusobacterium animalis	Fusobacterium animalis
GCF_037951365.1	Fusobacterium nucleatum	Fusobacterium nucleatum
GCF_037952305.1	Fusobacterium nucleatum	Fusobacterium nucleatum
GCF_037953125.1	Fusobacterium nucleatum	Fusobacterium nucleatum
GCF_037953465.1	Fusobacterium varium	Fusobacterium heteroulcerans
GCF_037953935.1	Fusobacterium nucleatum	Fusobacterium watanabei
GCF_037954595.1	Fusobacterium nucleatum	Fusobacterium watanabei
GCF_037954885.1	Fusobacterium nucleatum	Fusobacterium watanabei
GCF_037955165.1	Fusobacterium nucleatum	Fusobacterium watanabei
GCF_037955445.1	Fusobacterium nucleatum	Fusobacterium nucleatum
GCF_037955985.1	Fusobacterium necrophorum	Fusobacterium necrophorum
GCF_037956035.1	Fusobacterium ulcerans	Fusobacterium heteroulcerans
GCF_037975335.1	Fusobacterium nucleatum	Fusobacterium watanabei
GCF_040097185.1	Fusobacterium varium	Fusobacterium varium
GCF_040199715.1	Fusobacterium sp. SYSU M8D902	Fusobacterium sp. SYSU M8D902
GCF_041027385.1	Fusobacterium animalis	Fusobacterium animalis
GCF_041027405.1	Fusobacterium animalis	Fusobacterium animalis
GCF_041027465.1	Fusobacterium animalis	Fusobacterium animalis
GCF_041027495.1	Fusobacterium vincentii	Fusobacterium vincentii
GCF_041027535.1	Fusobacterium animalis	Fusobacterium animalis
GCF_041433815.1	Fusobacterium periodonticum	Fusobacterium pseudoperiodonticum
GCF_041520925.1	Fusobacterium animalis	Fusobacterium animalis
GCF_041520955.1	Fusobacterium animalis	Fusobacterium animalis
GCF_041521005.1	Fusobacterium animalis	Fusobacterium animalis
GCF_041537885.1	Fusobacterium nucleatum	Fusobacterium nucleatum
GCF_042851185.1	Fusobacterium ulcerans	Fusobacterium ulcerans
GCF_043420975.1	Fusobacterium vincentii	Fusobacterium vincentii
GCF_043421055.1	Fusobacterium animalis	Fusobacterium animalis
GCF_044987705.1	Fusobacterium sp. MFO224	Fusobacterium sp. MFO224
GCF_045159905.1	Fusobacterium animalis	Fusobacterium animalis
GCF_045159915.1	Fusobacterium animalis	Fusobacterium animalis
GCF_045159925.1	Fusobacterium vincentii	Fusobacterium vincentii
GCF_045159935.1	Fusobacterium animalis	Fusobacterium animalis
GCF_045159945.1	Fusobacterium animalis	Fusobacterium animalis
GCF_045159955.1	Fusobacterium animalis	Fusobacterium animalis
GCF_045159965.1	Fusobacterium vincentii	Fusobacterium vincentii
GCF_045159975.1	Fusobacterium polymorphum	Fusobacterium polymorphum
GCF_045159985.1	Fusobacterium animalis	Fusobacterium animalis
GCF_045159995.1	Fusobacterium polymorphum	Fusobacterium polymorphum
GCF_048313075.1	Fusobacterium nucleatum	Fusobacterium nucleatum
GCF_048313085.1	Fusobacterium animalis	Fusobacterium animalis
GCF_048313155.1	Fusobacterium polymorphum	Fusobacterium polymorphum
GCF_049380805.1	Fusobacterium watanabei	Fusobacterium watanabei
GCF_049380825.1	Fusobacterium watanabei	Fusobacterium watanabei
GCF_049380885.1	Fusobacterium watanabei	Fusobacterium watanabei
GCF_049380895.1	Fusobacterium watanabei	Fusobacterium watanabei
GCF_049380945.1	Fusobacterium watanabei	Fusobacterium watanabei
GCF_049380985.1	Fusobacterium watanabei	Fusobacterium watanabei
GCF_049381025.1	Fusobacterium watanabei	Fusobacterium watanabei
GCF_049381045.1	Fusobacterium watanabei	Fusobacterium watanabei
GCF_050219445.1	Fusobacterium sp. SB021	Fusobacterium sp. SB021 (Fusobacterium sphaericum)
GCF_050219895.1	Fusobacterium animalis	Fusobacterium animalis
GCF_050231725.1	Fusobacterium nucleatum	Fusobacterium sp. SB042
GCF_050232215.1	Fusobacterium polymorphum	Fusobacterium polymorphum
GCF_050232305.1	Fusobacterium vincentii	Fusobacterium vincentii
GCF_050232845.1	Fusobacterium vincentii	Fusobacterium vincentii
GCF_050233295.1	Fusobacterium nucleatum	Fusobacterium nucleatum
GCF_050233405.1	Fusobacterium vincentii	Fusobacterium vincentii
GCF_050233865.1	Fusobacterium vincentii	Fusobacterium vincentii
GCF_050233995.1	Fusobacterium nucleatum subsp. nucleatum ATCC 23726	Fusobacterium nucleatum
GCF_050433865.1	Fusobacterium sp. PH5-29	Fusobacterium sp. PH5-29
GCF_050434145.1	Fusobacterium sp. PH5-44	Fusobacterium sp. PH5-29
GCF_050920715.1	Fusobacterium nucleatum subsp. nucleatum ATCC 25586	Fusobacterium nucleatum
GCF_050920725.1	Fusobacterium polymorphum ATCC 10953	Fusobacterium polymorphum
GCF_900015295.1	Fusobacterium sp. (clos_1_1)	Fusobacterium hominis
GCF_900095705.1	Fusobacterium massiliense	Fusobacterium massiliense
GCF_900104395.1	Fusobacterium necrophorum	Fusobacterium necrophorum
GCF_900450765.1	Fusobacterium necrogenes	Fusobacterium necrogenes
GCF_900450795.1	Fusobacterium vincentii	Fusobacterium vincentii
GCF_900478315.1	Fusobacterium ulcerans	Fusobacterium ulcerans
GCF_900683735.1	Fusobacterium ulcerans ATCC 49185	Fusobacterium heteroulcerans
GCF_901873395.1	Fusobacterium periodonticum	Fusobacterium pseudoperiodonticum
GCF_901873415.1	Fusobacterium nucleatum	Fusobacterium vincentii
GCF_902373815.1	Fusobacterium ulcerans	Fusobacterium ulcerans
GCF_902373855.1	Fusobacterium nucleatum	Fusobacterium animalis
GCF_902373895.1	Fusobacterium gonidiaformans	Fusobacterium gonidiaformans
GCF_902373915.1	Fusobacterium periodonticum	Fusobacterium pseudoperiodonticum
GCF_902374215.1	Fusobacterium periodonticum	Fusobacterium pseudoperiodonticum
GCF_902375195.1	Fusobacterium nucleatum	Fusobacterium nucleatum
GCF_902376175.1	Fusobacterium massiliense	Fusobacterium massiliense
GCF_902381645.1	Fusobacterium nucleatum	Fusobacterium vincentii
GCF_902386295.1	Fusobacterium necrophorum	Fusobacterium necrophorum
GCF_902387585.1	Fusobacterium varium	Fusobacterium varium
GCF_902387645.1	Fusobacterium mortiferum	Fusobacterium mortiferum
GCF_903181465.1	Fusobacterium mortiferum	Fusobacterium mortiferum
GCF_964212675.1	Fusobacterium necrophorum subsp. funduliforme	Fusobacterium necrophorum
GCF_964212685.1	Fusobacterium necrophorum subsp. funduliforme	Fusobacterium necrophorum
GCF_964212695.1	Fusobacterium necrophorum subsp. funduliforme	Fusobacterium necrophorum
GCF_964212705.1	Fusobacterium necrophorum subsp. funduliforme	Fusobacterium necrophorum
GCF_964212715.1	Fusobacterium necrophorum subsp. funduliforme	Fusobacterium necrophorum
GCF_964212725.1	Fusobacterium necrophorum subsp. funduliforme	Fusobacterium necrophorum
GCF_964212735.1	Fusobacterium necrophorum subsp. funduliforme	Fusobacterium necrophorum
GCF_964212745.1	Fusobacterium necrophorum subsp. funduliforme	Fusobacterium necrophorum
GCF_964212755.1	Fusobacterium necrophorum subsp. funduliforme	Fusobacterium necrophorum
GCF_964212765.1	Fusobacterium necrophorum subsp. funduliforme	Fusobacterium necrophorum
GCF_964212775.1	Fusobacterium necrophorum subsp. funduliforme	Fusobacterium necrophorum
GCF_964212785.1	Fusobacterium necrophorum subsp. funduliforme	Fusobacterium necrophorum
GCF_964212795.1	Fusobacterium necrophorum subsp. funduliforme	Fusobacterium necrophorum
GCF_964212805.1	Fusobacterium necrophorum subsp. funduliforme	Fusobacterium necrophorum
GCF_964212815.1	Fusobacterium necrophorum subsp. funduliforme	Fusobacterium necrophorum
GCF_964212825.1	Fusobacterium necrophorum subsp. funduliforme	Fusobacterium necrophorum
GCF_964212835.1	Fusobacterium necrophorum subsp. funduliforme	Fusobacterium necrophorum
GCF_964212845.1	Fusobacterium necrophorum subsp. funduliforme	Fusobacterium necrophorum
GCF_964212855.1	Fusobacterium necrophorum subsp. funduliforme	Fusobacterium necrophorum
GCF_964212865.1	Fusobacterium necrophorum subsp. funduliforme	Fusobacterium necrophorum
GCF_964212875.1	Fusobacterium necrophorum subsp. funduliforme	Fusobacterium necrophorum
GCF_964212885.1	Fusobacterium necrophorum subsp. funduliforme	Fusobacterium necrophorum
GCF_964212895.1	Fusobacterium necrophorum subsp. funduliforme	Fusobacterium necrophorum
GCF_964212905.1	Fusobacterium necrophorum subsp. funduliforme	Fusobacterium necrophorum
GCF_964212915.1	Fusobacterium necrophorum subsp. funduliforme	Fusobacterium necrophorum
GCF_964238755.1	Fusobacterium animalis 21_1A	Fusobacterium animalis
GCF_964238805.1	Fusobacterium varium	Fusobacterium sp. CC00717
GCF_964238915.1	Fusobacterium nucleatum	Fusobacterium watanabei
GCF_964239035.1	Fusobacterium nucleatum	Fusobacterium watanabei
GCF_964241265.1	Fusobacterium mortiferum ATCC 9817	Fusobacterium mortiferum
GCF_964241285.1	Fusobacterium mortiferum ATCC 9817	Fusobacterium mortiferum
GCF_964241755.1	Fusobacterium nucleatum	Fusobacterium watanabei
GCF_964250655.1	Fusobacterium mortiferum ATCC 9817	Fusobacterium mortiferum
GCF_964259905.1	Fusobacterium varium	Fusobacterium sp. CC00717
GCF_964277055.1	Fusobacterium necrophorum subsp. funduliforme	Fusobacterium necrophorum
GCF_964642115.1	Fusobacterium nucleatum subsp. nucleatum ATCC 25586	Fusobacterium nucleatum
GCF_965119615.1	Fusobacterium watanabei	Fusobacterium watanabei
GCF_965217465.1	Fusobacterium watanabei	Fusobacterium watanabei
GCF_965217475.1	Fusobacterium watanabei	Fusobacterium watanabei
GCF_965217485.1	Fusobacterium watanabei	Fusobacterium watanabei
GCF_965217495.1	Fusobacterium watanabei	Fusobacterium watanabei
GCF_965217505.1	Fusobacterium watanabei	Fusobacterium watanabei
GCF_965217515.1	Fusobacterium watanabei	Fusobacterium watanabei
GCF_965217525.1	Fusobacterium watanabei	Fusobacterium watanabei
GCF_965217535.1	Fusobacterium watanabei	Fusobacterium watanabei
GCF_000158295.2	Fusobacterium necrophorum D12	no applicable
GCF_041433775.1	Fusobacterium sp. 27098_8_59	no applicable
