dist_lo	dist_hi	class	mash_pairs	with_ani	coverage	with_ani_af15	coverage_af15	ani_q1	ani_median	ani_q3
0.0000	0.0100	all	10818	10818	1.000000	10818	1.000000	99.99	99.99	100.00
0.0000	0.0100	congeneric	126	126	1.000000	126	1.000000	99.77	99.91	99.99
0.0000	0.0100	inter_genus	6	6	1.000000	6	1.000000	99.82	99.89	99.97
0.0000	0.0100	same_species	9243	9243	1.000000	9243	1.000000	99.99	99.99	100.00
0.0000	0.0100	same_strain	1443	1443	1.000000	1443	1.000000	99.98	99.99	100.00
0.0100	0.0200	all	1415	1415	1.000000	1415	1.000000	98.92	99.45	99.94
0.0100	0.0200	congeneric	374	374	1.000000	374	1.000000	98.91	99.18	99.67
0.0100	0.0200	inter_genus	13	13	1.000000	13	1.000000	99.02	99.28	99.59
0.0100	0.0200	same_species	912	912	1.000000	912	1.000000	98.86	99.52	99.96
0.0100	0.0200	same_strain	116	116	1.000000	116	1.000000	99.89	99.96	99.98
0.0200	0.0300	all	1939	1939	1.000000	1939	1.000000	97.78	98.51	98.95
0.0200	0.0300	congeneric	674	674	1.000000	674	1.000000	97.68	98.47	98.82
0.0200	0.0300	inter_genus	36	36	1.000000	36	1.000000	98.21	98.44	98.86
0.0200	0.0300	same_species	1169	1169	1.000000	1169	1.000000	97.78	98.50	98.96
0.0200	0.0300	same_strain	60	60	1.000000	60	1.000000	99.87	99.95	99.97
0.0300	0.0400	all	2479	2479	1.000000	2479	1.000000	95.20	96.82	97.93
0.0300	0.0400	congeneric	1352	1352	1.000000	1352	1.000000	94.75	95.70	97.44
0.0300	0.0400	inter_genus	50	50	1.000000	50	1.000000	96.55	97.91	98.10
0.0300	0.0400	same_species	1049	1049	1.000000	1049	1.000000	96.31	97.48	98.10
0.0300	0.0400	same_strain	28	28	1.000000	28	1.000000	99.22	99.87	99.93
0.0400	0.0500	all	4020	4020	1.000000	4020	1.000000	93.99	94.56	96.14
0.0400	0.0500	congeneric	3083	3083	1.000000	3083	1.000000	93.88	94.29	95.17
0.0400	0.0500	inter_genus	131	131	1.000000	131	1.000000	96.22	96.96	97.81
0.0400	0.0500	same_species	775	775	1.000000	775	1.000000	95.12	96.58	97.44
0.0400	0.0500	same_strain	31	31	1.000000	31	1.000000	97.38	99.87	99.91
0.0500	0.0600	all	4691	4691	1.000000	4691	1.000000	91.96	93.45	94.62
0.0500	0.0600	congeneric	4006	4006	1.000000	4006	1.000000	91.77	93.21	94.28
0.0500	0.0600	inter_genus	110	110	1.000000	110	1.000000	92.46	94.95	96.76
0.0500	0.0600	same_species	562	562	1.000000	562	1.000000	93.93	95.55	97.28
0.0500	0.0600	same_strain	13	13	1.000000	13	1.000000	98.39	99.87	99.89
0.0600	0.0700	all	5712	5712	1.000000	5712	1.000000	89.95	91.59	93.21
0.0600	0.0700	congeneric	5310	5310	1.000000	5310	1.000000	89.88	91.50	93.08
0.0600	0.0700	inter_genus	146	146	1.000000	146	1.000000	90.75	91.70	93.53
0.0600	0.0700	same_species	250	250	1.000000	250	1.000000	91.93	94.76	95.83
0.0600	0.0700	same_strain	6	6	1.000000	6	1.000000	99.80	99.86	99.88
0.0700	0.0800	all	8173	8173	1.000000	8173	1.000000	88.64	90.02	91.86
0.0700	0.0800	congeneric	7822	7822	1.000000	7822	1.000000	88.61	89.99	91.77
0.0700	0.0800	inter_genus	156	156	1.000000	156	1.000000	89.64	90.37	91.75
0.0700	0.0800	same_species	189	189	1.000000	189	1.000000	93.12	94.86	95.58
0.0700	0.0800	same_strain	6	6	1.000000	6	1.000000	99.83	99.88	99.93
0.0800	0.0900	all	9627	9627	1.000000	9627	1.000000	87.48	88.64	90.74
0.0800	0.0900	congeneric	9377	9377	1.000000	9377	1.000000	87.47	88.60	90.71
0.0800	0.0900	inter_genus	150	150	1.000000	150	1.000000	88.18	89.03	90.71
0.0800	0.0900	same_species	96	96	1.000000	96	1.000000	91.03	94.75	95.23
0.0800	0.0900	same_strain	4	4	1.000000	4	1.000000	99.78	99.80	99.86
0.0900	0.1000	all	11050	11050	1.000000	10987	0.994299	86.46	87.71	89.73
0.0900	0.1000	congeneric	10588	10588	1.000000	10525	0.994050	86.52	87.74	89.76
0.0900	0.1000	inter_genus	407	407	1.000000	407	1.000000	84.54	85.05	87.72
0.0900	0.1000	same_species	51	51	1.000000	51	1.000000	91.04	93.36	96.95
0.0900	0.1000	same_strain	4	4	1.000000	4	1.000000	99.86	99.87	99.87
0.1000	0.1100	all	12215	12215	1.000000	11765	0.963160	85.28	86.96	88.90
0.1000	0.1100	congeneric	11468	11468	1.000000	11023	0.961196	85.59	87.09	89.00
0.1000	0.1100	inter_genus	712	712	1.000000	707	0.992978	84.12	84.65	85.21
0.1000	0.1100	same_species	35	35	1.000000	35	1.000000	84.70	84.82	94.97
0.1100	0.1200	all	14473	14437	0.997513	13170	0.909970	84.47	85.99	87.66
0.1100	0.1200	congeneric	13617	13581	0.997356	12452	0.914445	84.64	86.09	87.79
0.1100	0.1200	inter_genus	843	843	1.000000	705	0.836299	83.30	84.15	84.86
0.1100	0.1200	same_species	9	9	1.000000	9	1.000000	84.84	98.78	99.88
0.1100	0.1200	same_strain	4	4	1.000000	4	1.000000	99.88	99.88	99.89
0.1200	0.1300	all	17167	17030	0.992020	12863	0.749286	83.36	84.98	86.79
0.1200	0.1300	congeneric	14981	14849	0.991189	12278	0.819571	83.90	85.34	87.11
0.1200	0.1300	inter_genus	2180	2175	0.997706	579	0.265596	82.40	82.81	83.28
0.1200	0.1300	same_species	6	6	1.000000	6	1.000000	96.95	97.11	97.19
0.1300	0.1400	all	18242	18038	0.988817	11424	0.626247	82.79	84.15	85.73
0.1300	0.1400	congeneric	15119	14921	0.986904	11064	0.731794	83.42	84.53	86.20
0.1300	0.1400	inter_genus	3104	3098	0.998067	341	0.109858	82.10	82.40	82.83
0.1300	0.1400	same_species	17	17	1.000000	17	1.000000	97.06	97.11	97.41
0.1300	0.1400	same_strain	2	2	1.000000	2	1.000000	99.80	99.82	99.84
0.1400	0.1500	all	26894	26432	0.982821	10801	0.401614	82.14	83.16	84.74
0.1400	0.1500	congeneric	18766	18313	0.975861	10535	0.561388	82.93	83.97	85.44
0.1400	0.1500	inter_genus	8126	8117	0.998892	264	0.032488	81.75	82.06	82.43
0.1400	0.1500	same_species	2	2	1.000000	2	1.000000	84.23	84.36	84.48
0.1500	0.1600	all	41513	40265	0.969937	14095	0.339532	82.01	83.09	84.33
0.1500	0.1600	congeneric	30324	29126	0.960493	13784	0.454557	82.81	83.54	84.98
0.1500	0.1600	inter_genus	11184	11136	0.995708	308	0.027539	81.60	81.89	82.26
0.1500	0.1600	same_species	2	0	0.000000	0	0.000000	nan	nan	nan
0.1500	0.1600	same_strain	3	3	1.000000	3	1.000000	88.61	88.62	99.25
0.1600	0.1700	all	44005	40684	0.924531	14861	0.337712	81.99	83.40	84.69
0.1600	0.1700	congeneric	34837	31970	0.917702	14553	0.417746	82.83	83.91	84.92
0.1600	0.1700	inter_genus	9164	8710	0.950458	308	0.033610	81.42	81.75	82.14
0.1600	0.1700	same_species	4	4	1.000000	0	0.000000	81.73	81.74	81.91
0.1700	0.1800	all	54663	46258	0.846240	11372	0.208038	82.22	83.67	84.50
0.1700	0.1800	congeneric	45820	39679	0.865976	11214	0.244740	82.85	83.92	84.61
0.1700	0.1800	inter_genus	8842	6578	0.743949	157	0.017756	81.27	81.63	82.08
0.1700	0.1800	same_strain	1	1	1.000000	1	1.000000	99.71	99.71	99.71
0.1800	0.1900	all	71626	56844	0.793622	4550	0.063524	82.16	83.33	84.10
0.1800	0.1900	congeneric	62180	51162	0.822805	4420	0.071084	82.48	83.48	84.17
0.1800	0.1900	inter_genus	9440	5678	0.601483	128	0.013559	81.27	81.68	82.16
0.1800	0.1900	same_species	5	3	0.600000	1	0.200000	84.26	84.40	99.58
0.1800	0.1900	same_strain	1	1	1.000000	1	1.000000	99.58	99.58	99.58
0.1900	0.2000	all	85866	62331	0.725910	1483	0.017271	81.95	82.88	83.64
0.1900	0.2000	congeneric	76475	58412	0.763805	1381	0.018058	82.02	82.96	83.68
0.1900	0.2000	inter_genus	9387	3916	0.417173	102	0.010866	81.34	81.88	82.41
0.1900	0.2000	same_species	4	3	0.750000	0	0.000000	82.15	83.17	83.24
0.2000	0.2100	all	98499	64914	0.659032	579	0.005878	81.79	82.42	83.12
0.2000	0.2100	congeneric	87795	60409	0.688069	476	0.005422	81.83	82.46	83.15
0.2000	0.2100	inter_genus	10704	4505	0.420871	103	0.009623	81.52	81.97	82.55
0.2100	0.2200	all	103503	57444	0.554998	211	0.002039	81.77	82.21	82.74
0.2100	0.2200	congeneric	88806	52019	0.585760	147	0.001655	81.80	82.24	82.77
0.2100	0.2200	inter_genus	14694	5422	0.368994	61	0.004151	81.52	81.89	82.37
0.2100	0.2200	same_species	3	3	1.000000	3	1.000000	99.43	99.47	99.47
0.2200	0.2300	all	135066	55723	0.412561	83	0.000615	81.73	82.08	82.51
0.2200	0.2300	congeneric	112656	49474	0.439160	64	0.000568	81.77	82.11	82.54
0.2200	0.2300	inter_genus	22410	6249	0.278849	19	0.000848	81.43	81.80	82.23
0.2300	0.2400	all	187049	42151	0.225347	24	0.000128	81.66	82.00	82.40
0.2300	0.2400	congeneric	149607	36107	0.241346	21	0.000140	81.73	82.04	82.44
0.2300	0.2400	inter_genus	37442	6044	0.161423	3	0.000080	81.32	81.65	82.07
0.2400	0.2500	all	193955	19991	0.103070	7	0.000036	81.48	81.87	82.28
0.2400	0.2500	congeneric	137882	15630	0.113358	6	0.000044	81.60	81.95	82.35
0.2400	0.2500	inter_genus	56073	4361	0.077774	1	0.000018	81.15	81.52	81.91
0.2500	0.2600	all	220868	10671	0.048314	14	0.000063	81.30	81.72	82.16
0.2500	0.2600	congeneric	136219	7018	0.051520	9	0.000066	81.45	81.84	82.25
0.2500	0.2600	inter_genus	84646	3650	0.043121	2	0.000024	81.12	81.45	81.91
0.2500	0.2600	same_species	3	3	1.000000	3	1.000000	98.32	98.32	98.42
0.2600	0.2700	all	231474	6421	0.027740	10	0.000043	81.15	81.54	82.03
0.2600	0.2700	congeneric	118561	3363	0.028365	10	0.000084	81.19	81.60	82.04
0.2600	0.2700	inter_genus	112909	3058	0.027084	0	0.000000	81.10	81.47	82.03
0.2600	0.2700	same_species	4	0	0.000000	0	0.000000	nan	nan	nan
0.2700	0.2800	all	218162	3227	0.014792	5	0.000023	81.16	81.49	81.90
0.2700	0.2800	congeneric	89542	1371	0.015311	5	0.000056	81.19	81.54	81.92
0.2700	0.2800	inter_genus	128619	1856	0.014430	0	0.000000	81.14	81.46	81.89
0.2700	0.2800	same_species	1	0	0.000000	0	0.000000	nan	nan	nan
0.2800	0.2900	all	200469	1538	0.007672	3	0.000015	81.19	81.54	82.05
0.2800	0.2900	congeneric	68191	681	0.009987	3	0.000044	81.24	81.58	82.09
0.2800	0.2900	inter_genus	132273	857	0.006479	0	0.000000	81.15	81.51	82.03
0.2800	0.2900	same_species	5	0	0.000000	0	0.000000	nan	nan	nan
0.2900	0.3000	all	222292	929	0.004179	10	0.000045	81.21	81.54	82.11
0.2900	0.3000	congeneric	62306	462	0.007415	9	0.000144	81.20	81.54	82.13
0.2900	0.3000	inter_genus	159984	467	0.002919	1	0.000006	81.21	81.54	82.07
0.2900	0.3000	same_species	2	0	0.000000	0	0.000000	nan	nan	nan
0.3000	0.3100	all	250315	520	0.002077	2	0.000008	81.10	81.50	82.07
0.3000	0.3100	congeneric	56039	240	0.004283	2	0.000036	81.06	81.48	81.96
0.3000	0.3100	inter_genus	194275	280	0.001441	0	0.000000	81.12	81.53	82.16
0.3000	0.3100	same_species	1	0	0.000000	0	0.000000	nan	nan	nan
0.3100	0.3200	all	237324	191	0.000805	3	0.000013	81.12	81.45	82.52
0.3100	0.3200	congeneric	37852	107	0.002827	2	0.000053	81.12	81.43	82.06
0.3100	0.3200	inter_genus	199472	84	0.000421	1	0.000005	81.13	81.61	88.38
0.3200	0.3300	all	313727	120	0.000382	1	0.000003	81.32	81.97	88.28
0.3200	0.3300	congeneric	32273	49	0.001518	1	0.000031	81.27	81.54	82.52
0.3200	0.3300	inter_genus	281454	71	0.000252	0	0.000000	81.40	82.30	89.94
0.3300	0.3400	all	482187	94	0.000195	11	0.000023	81.75	82.81	89.88
0.3300	0.3400	congeneric	27114	40	0.001475	11	0.000406	81.92	82.54	88.08
0.3300	0.3400	inter_genus	455073	54	0.000119	0	0.000000	81.69	84.74	92.15
0.3400	0.3500	all	561795	63	0.000112	9	0.000016	82.99	89.88	92.34
0.3400	0.3500	congeneric	18627	29	0.001557	9	0.000483	82.30	82.76	86.43
0.3400	0.3500	inter_genus	543168	34	0.000063	0	0.000000	90.72	91.84	93.89
0.3500	0.3600	all	1156761	66	0.000057	10	0.000009	82.79	90.17	93.03
0.3500	0.3600	congeneric	24467	22	0.000899	10	0.000409	82.75	83.59	87.73
0.3500	0.3600	inter_genus	1132292	44	0.000039	0	0.000000	90.00	91.82	93.71
0.3500	0.3600	same_species	2	0	0.000000	0	0.000000	nan	nan	nan
0.3600	0.3700	all	1237185	40	0.000032	2	0.000002	81.89	83.24	92.29
0.3600	0.3700	congeneric	20159	23	0.001141	2	0.000099	81.49	82.49	83.36
0.3600	0.3700	inter_genus	1217025	17	0.000014	0	0.000000	90.98	92.29	95.08
0.3600	0.3700	same_species	1	0	0.000000	0	0.000000	nan	nan	nan
0.3700	0.3800	all	1021778	28	0.000027	2	0.000002	82.57	84.94	94.29
0.3700	0.3800	congeneric	14243	18	0.001264	2	0.000140	81.38	82.62	84.93
0.3700	0.3800	inter_genus	1007535	10	0.000010	0	0.000000	93.05	94.52	95.35
0.3800	0.3900	all	1841105	35	0.000019	2	0.000001	82.52	84.37	93.28
0.3800	0.3900	congeneric	20999	19	0.000905	2	0.000095	82.51	82.57	83.35
0.3800	0.3900	inter_genus	1820106	16	0.000009	0	0.000000	91.34	93.42	96.66
0.3900	0.4000	all	1451899	17	0.000012	0	0.000000	83.60	91.97	95.78
0.3900	0.4000	congeneric	13005	6	0.000461	0	0.000000	81.64	82.25	83.60
0.3900	0.4000	inter_genus	1438891	11	0.000008	0	0.000000	91.97	95.75	96.11
0.3900	0.4000	same_species	3	0	0.000000	0	0.000000	nan	nan	nan
0.4000	0.4100	all	1666008	18	0.000011	0	0.000000	92.18	94.43	94.75
0.4000	0.4100	congeneric	11382	3	0.000264	0	0.000000	81.73	83.55	90.55
0.4000	0.4100	inter_genus	1654626	15	0.000009	0	0.000000	94.09	94.50	94.85
0.4100	0.4200	all	1940712	13	0.000007	0	0.000000	84.44	94.95	96.26
0.4100	0.4200	congeneric	9751	4	0.000410	0	0.000000	83.58	83.66	84.44
0.4100	0.4200	inter_genus	1930961	9	0.000005	0	0.000000	94.95	96.22	96.31
0.4200	0.4300	all	2302897	4	0.000002	0	0.000000	83.88	87.53	94.38
0.4200	0.4300	congeneric	7628	2	0.000262	0	0.000000	83.13	83.50	83.88
0.4200	0.4300	inter_genus	2295269	2	0.000001	0	0.000000	91.18	92.78	94.38
0.4300	0.4400	all	2791794	5	0.000002	0	0.000000	82.17	82.41	83.61
0.4300	0.4400	congeneric	5841	2	0.000342	0	0.000000	81.54	81.86	82.17
0.4300	0.4400	inter_genus	2785953	3	0.000001	0	0.000000	82.41	83.61	92.22
0.4400	0.4500	all	3531890	9	0.000003	0	0.000000	81.40	81.74	82.28
0.4400	0.4500	congeneric	4141	9	0.002173	0	0.000000	81.40	81.74	82.28
0.4400	0.4500	inter_genus	3527749	0	0.000000	0	0.000000	nan	nan	nan
0.4500	0.4600	all	2170433	7	0.000003	0	0.000000	80.03	81.97	82.19
0.4500	0.4600	congeneric	1506	7	0.004648	0	0.000000	80.03	81.97	82.19
0.4500	0.4600	inter_genus	2168927	0	0.000000	0	0.000000	nan	nan	nan
0.4600	0.4700	all	5576131	10	0.000002	0	0.000000	81.35	81.70	82.31
0.4600	0.4700	congeneric	2386	7	0.002934	0	0.000000	81.69	82.26	82.55
0.4600	0.4700	inter_genus	5573745	3	0.000001	0	0.000000	81.00	81.04	81.35
0.4700	0.4800	all	3637886	10	0.000003	0	0.000000	81.33	81.66	82.05
0.4700	0.4800	congeneric	823	5	0.006075	0	0.000000	81.59	81.72	81.72
0.4700	0.4800	inter_genus	3637063	5	0.000001	0	0.000000	81.33	81.52	90.31
0.4800	0.4900	all	4415458	7	0.000002	0	0.000000	81.02	81.41	82.61
0.4800	0.4900	congeneric	655	1	0.001527	0	0.000000	81.08	81.08	81.08
0.4800	0.4900	inter_genus	4414803	6	0.000001	0	0.000000	81.02	81.57	82.61
0.4900	0.5000	all	5369680	18	0.000003	0	0.000000	81.37	81.52	81.80
0.4900	0.5000	congeneric	512	0	0.000000	0	0.000000	nan	nan	nan
0.4900	0.5000	inter_genus	5369168	18	0.000003	0	0.000000	81.37	81.52	81.80
