af_floor	scenario	ani_lo	ani_hi	same_genus	total	p_same_genus	cum_total	cum_p
5	as_reported	100.0	100.5	5728	5728	1.000000	5728	1.000000
5	as_reported	99.5	100.0	6344	6347	0.999527	12075	0.999752
5	as_reported	99.0	99.5	279	279	1.000000	12354	0.999757
5	as_reported	98.5	99.0	271	272	0.996324	12626	0.999683
5	as_reported	98.0	98.5	272	276	0.985507	12902	0.999380
5	as_reported	97.5	98.0	190	190	1.000000	13092	0.999389
5	as_reported	97.0	97.5	177	180	0.983333	13272	0.999171
5	as_reported	96.5	97.0	166	167	0.994012	13439	0.999107
5	as_reported	96.0	96.5	183	187	0.978610	13626	0.998826
5	as_reported	95.5	96.0	239	244	0.979508	13870	0.998486
5	as_reported	95.0	95.5	230	239	0.962343	14109	0.997874
5	as_reported	94.5	95.0	342	344	0.994186	14453	0.997786
5	as_reported	94.0	94.5	382	388	0.984536	14841	0.997440
5	as_reported	93.5	94.0	326	330	0.987879	15171	0.997232
5	as_reported	93.0	93.5	384	391	0.982097	15562	0.996851
5	as_reported	92.5	93.0	243	245	0.991837	15807	0.996774
5	as_reported	92.0	92.5	229	229	1.000000	16036	0.996820
5	as_reported	91.5	92.0	430	433	0.993072	16469	0.996721
5	as_reported	91.0	91.5	272	275	0.989091	16744	0.996596
5	as_reported	90.5	91.0	460	465	0.989247	17209	0.996397
5	as_reported	90.0	90.5	300	302	0.993377	17511	0.996345
5	as_reported	89.5	90.0	297	297	1.000000	17808	0.996406
5	as_reported	89.0	89.5	304	305	0.996721	18113	0.996411
5	as_reported	88.5	89.0	331	334	0.991018	18447	0.996314
5	as_reported	88.0	88.5	293	295	0.993220	18742	0.996265
5	as_reported	87.5	88.0	311	314	0.990446	19056	0.996169
5	as_reported	87.0	87.5	332	335	0.991045	19391	0.996081
5	as_reported	86.5	87.0	336	340	0.988235	19731	0.995945
5	as_reported	86.0	86.5	336	337	0.997033	20068	0.995964
5	as_reported	85.5	86.0	334	338	0.988166	20406	0.995835
5	as_reported	85.0	85.5	351	357	0.983193	20763	0.995617
5	as_reported	84.5	85.0	375	378	0.992063	21141	0.995554
5	as_reported	84.0	84.5	385	402	0.957711	21543	0.994848
5	as_reported	83.5	84.0	420	433	0.969977	21976	0.994357
5	as_reported	83.0	83.5	451	473	0.953488	22449	0.993496
5	as_reported	82.5	83.0	463	480	0.964583	22929	0.992891
5	as_reported	82.0	82.5	494	529	0.933837	23458	0.991559
5	as_reported	81.5	82.0	380	409	0.929095	23867	0.990489
5	as_reported	81.0	81.5	257	274	0.937956	24141	0.989893
5	as_reported	80.5	81.0	116	119	0.974790	24260	0.989819
5	as_reported	80.0	80.5	15	16	0.937500	24276	0.989784
5	as_reported	79.5	80.0	1	1	1.000000	24277	0.989785
5	no_self_strain	100.0	100.5	5266	5266	1.000000	5266	1.000000
5	no_self_strain	99.5	100.0	5631	5634	0.999468	10900	0.999725
5	no_self_strain	99.0	99.5	310	310	1.000000	11210	0.999732
5	no_self_strain	98.5	99.0	314	315	0.996825	11525	0.999653
5	no_self_strain	98.0	98.5	321	328	0.978659	11853	0.999072
5	no_self_strain	97.5	98.0	220	220	1.000000	12073	0.999089
5	no_self_strain	97.0	97.5	206	209	0.985646	12282	0.998860
5	no_self_strain	96.5	97.0	192	195	0.984615	12477	0.998637
5	no_self_strain	96.0	96.5	214	220	0.972727	12697	0.998189
5	no_self_strain	95.5	96.0	258	263	0.980989	12960	0.997840
5	no_self_strain	95.0	95.5	248	257	0.964981	13217	0.997201
5	no_self_strain	94.5	95.0	379	381	0.994751	13598	0.997132
5	no_self_strain	94.0	94.5	407	413	0.985472	14011	0.996788
5	no_self_strain	93.5	94.0	361	367	0.983651	14378	0.996453
5	no_self_strain	93.0	93.5	412	419	0.983294	14797	0.996080
5	no_self_strain	92.5	93.0	266	268	0.992537	15065	0.996017
5	no_self_strain	92.0	92.5	248	248	1.000000	15313	0.996082
5	no_self_strain	91.5	92.0	454	457	0.993435	15770	0.996005
5	no_self_strain	91.0	91.5	281	284	0.989437	16054	0.995889
5	no_self_strain	90.5	91.0	487	492	0.989837	16546	0.995709
5	no_self_strain	90.0	90.5	311	313	0.993610	16859	0.995670
5	no_self_strain	89.5	90.0	311	311	1.000000	17170	0.995748
5	no_self_strain	89.0	89.5	323	324	0.996914	17494	0.995770
5	no_self_strain	88.5	89.0	346	349	0.991404	17843	0.995685
5	no_self_strain	88.0	88.5	308	310	0.993548	18153	0.995648
5	no_self_strain	87.5	88.0	328	331	0.990937	18484	0.995564
5	no_self_strain	87.0	87.5	346	349	0.991404	18833	0.995487
5	no_self_strain	86.5	87.0	345	349	0.988539	19182	0.995360
5	no_self_strain	86.0	86.5	347	348	0.997126	19530	0.995392
5	no_self_strain	85.5	86.0	357	361	0.988920	19891	0.995274
5	no_self_strain	85.0	85.5	367	373	0.983914	20264	0.995065
5	no_self_strain	84.5	85.0	404	407	0.992629	20671	0.995017
5	no_self_strain	84.0	84.5	403	420	0.959524	21091	0.994310
5	no_self_strain	83.5	84.0	450	463	0.971922	21554	0.993829
5	no_self_strain	83.0	83.5	476	500	0.952000	22054	0.992881
5	no_self_strain	82.5	83.0	498	515	0.966990	22569	0.992290
5	no_self_strain	82.0	82.5	528	563	0.937833	23132	0.990965
5	no_self_strain	81.5	82.0	405	434	0.933180	23566	0.989901
5	no_self_strain	81.0	81.5	277	294	0.942177	23860	0.989313
5	no_self_strain	80.5	81.0	123	129	0.953488	23989	0.989120
5	no_self_strain	80.0	80.5	15	16	0.937500	24005	0.989086
5	no_self_strain	79.5	80.0	1	1	1.000000	24006	0.989086
5	novel_species	100.0	100.5	2	2	1.000000	2	1.000000
5	novel_species	99.5	100.0	0	3	0.000000	5	0.400000
5	novel_species	98.5	99.0	1	5	0.200000	10	0.300000
5	novel_species	98.0	98.5	2	11	0.181818	21	0.238095
5	novel_species	97.5	98.0	0	2	0.000000	23	0.217391
5	novel_species	97.0	97.5	36	42	0.857143	65	0.630769
5	novel_species	96.5	97.0	103	112	0.919643	177	0.813559
5	novel_species	96.0	96.5	140	151	0.927152	328	0.865854
5	novel_species	95.5	96.0	281	293	0.959044	621	0.909823
5	novel_species	95.0	95.5	589	600	0.981667	1221	0.945127
5	novel_species	94.5	95.0	993	997	0.995988	2218	0.967989
5	novel_species	94.0	94.5	960	974	0.985626	3192	0.973371
5	novel_species	93.5	94.0	792	804	0.985075	3996	0.975726
5	novel_species	93.0	93.5	818	827	0.989117	4823	0.978022
5	novel_species	92.5	93.0	563	567	0.992945	5390	0.979592
5	novel_species	92.0	92.5	483	488	0.989754	5878	0.980436
5	novel_species	91.5	92.0	1010	1017	0.993117	6895	0.982306
5	novel_species	91.0	91.5	540	544	0.992647	7439	0.983062
5	novel_species	90.5	91.0	930	938	0.991471	8377	0.984004
5	novel_species	90.0	90.5	594	599	0.991653	8976	0.984514
5	novel_species	89.5	90.0	626	627	0.998405	9603	0.985421
5	novel_species	89.0	89.5	621	623	0.996790	10226	0.986114
5	novel_species	88.5	89.0	722	726	0.994490	10952	0.986669
5	novel_species	88.0	88.5	654	665	0.983459	11617	0.986485
5	novel_species	87.5	88.0	626	632	0.990506	12249	0.986693
5	novel_species	87.0	87.5	651	654	0.995413	12903	0.987135
5	novel_species	86.5	87.0	646	656	0.984756	13559	0.987020
5	novel_species	86.0	86.5	649	655	0.990840	14214	0.987196
5	novel_species	85.5	86.0	691	701	0.985735	14915	0.987127
5	novel_species	85.0	85.5	641	655	0.978626	15570	0.986769
5	novel_species	84.5	85.0	739	745	0.991946	16315	0.987006
5	novel_species	84.0	84.5	766	787	0.973316	17102	0.986376
5	novel_species	83.5	84.0	818	843	0.970344	17945	0.985623
5	novel_species	83.0	83.5	823	873	0.942726	18818	0.983633
5	novel_species	82.5	83.0	827	863	0.958285	19681	0.982521
5	novel_species	82.0	82.5	820	873	0.939290	20554	0.980685
5	novel_species	81.5	82.0	632	671	0.941878	21225	0.979458
5	novel_species	81.0	81.5	402	432	0.930556	21657	0.978483
5	novel_species	80.5	81.0	177	183	0.967213	21840	0.978388
5	novel_species	80.0	80.5	19	20	0.950000	21860	0.978362
5	novel_species	79.5	80.0	2	2	1.000000	21862	0.978364
15	as_reported	100.0	100.5	5728	5728	1.000000	5728	1.000000
15	as_reported	99.5	100.0	6344	6347	0.999527	12075	0.999752
15	as_reported	99.0	99.5	279	279	1.000000	12354	0.999757
15	as_reported	98.5	99.0	271	272	0.996324	12626	0.999683
15	as_reported	98.0	98.5	273	273	1.000000	12899	0.999690
15	as_reported	97.5	98.0	190	190	1.000000	13089	0.999694
15	as_reported	97.0	97.5	177	177	1.000000	13266	0.999698
15	as_reported	96.5	97.0	166	166	1.000000	13432	0.999702
15	as_reported	96.0	96.5	184	184	1.000000	13616	0.999706
15	as_reported	95.5	96.0	238	238	1.000000	13854	0.999711
15	as_reported	95.0	95.5	230	230	1.000000	14084	0.999716
15	as_reported	94.5	95.0	342	342	1.000000	14426	0.999723
15	as_reported	94.0	94.5	383	385	0.994805	14811	0.999595
15	as_reported	93.5	94.0	325	325	1.000000	15136	0.999604
15	as_reported	93.0	93.5	384	384	1.000000	15520	0.999613
15	as_reported	92.5	93.0	239	239	1.000000	15759	0.999619
15	as_reported	92.0	92.5	230	230	1.000000	15989	0.999625
15	as_reported	91.5	92.0	430	430	1.000000	16419	0.999635
15	as_reported	91.0	91.5	273	273	1.000000	16692	0.999641
15	as_reported	90.5	91.0	458	458	1.000000	17150	0.999650
15	as_reported	90.0	90.5	297	297	1.000000	17447	0.999656
15	as_reported	89.5	90.0	293	293	1.000000	17740	0.999662
15	as_reported	89.0	89.5	305	305	1.000000	18045	0.999667
15	as_reported	88.5	89.0	327	327	1.000000	18372	0.999673
15	as_reported	88.0	88.5	291	293	0.993174	18665	0.999571
15	as_reported	87.5	88.0	303	303	1.000000	18968	0.999578
15	as_reported	87.0	87.5	321	323	0.993808	19291	0.999482
15	as_reported	86.5	87.0	327	327	1.000000	19618	0.999490
15	as_reported	86.0	86.5	312	313	0.996805	19931	0.999448
15	as_reported	85.5	86.0	311	311	1.000000	20242	0.999457
15	as_reported	85.0	85.5	318	318	1.000000	20560	0.999465
15	as_reported	84.5	85.0	329	331	0.993958	20891	0.999378
15	as_reported	84.0	84.5	299	302	0.990066	21193	0.999245
15	as_reported	83.5	84.0	262	265	0.988679	21458	0.999115
15	as_reported	83.0	83.5	192	195	0.984615	21653	0.998984
15	as_reported	82.5	83.0	83	83	1.000000	21736	0.998988
15	as_reported	82.0	82.5	29	29	1.000000	21765	0.998989
15	as_reported	81.5	82.0	3	3	1.000000	21768	0.998989
15	no_self_strain	100.0	100.5	5266	5266	1.000000	5266	1.000000
15	no_self_strain	99.5	100.0	5631	5634	0.999468	10900	0.999725
15	no_self_strain	99.0	99.5	310	310	1.000000	11210	0.999732
15	no_self_strain	98.5	99.0	314	315	0.996825	11525	0.999653
15	no_self_strain	98.0	98.5	322	324	0.993827	11849	0.999494
15	no_self_strain	97.5	98.0	220	220	1.000000	12069	0.999503
15	no_self_strain	97.0	97.5	206	206	1.000000	12275	0.999511
15	no_self_strain	96.5	97.0	192	192	1.000000	12467	0.999519
15	no_self_strain	96.0	96.5	215	215	1.000000	12682	0.999527
15	no_self_strain	95.5	96.0	257	257	1.000000	12939	0.999536
15	no_self_strain	95.0	95.5	248	248	1.000000	13187	0.999545
15	no_self_strain	94.5	95.0	379	379	1.000000	13566	0.999558
15	no_self_strain	94.0	94.5	408	410	0.995122	13976	0.999428
15	no_self_strain	93.5	94.0	360	360	1.000000	14336	0.999442
15	no_self_strain	93.0	93.5	411	411	1.000000	14747	0.999458
15	no_self_strain	92.5	93.0	261	261	1.000000	15008	0.999467
15	no_self_strain	92.0	92.5	248	248	1.000000	15256	0.999476
15	no_self_strain	91.5	92.0	453	453	1.000000	15709	0.999491
15	no_self_strain	91.0	91.5	282	282	1.000000	15991	0.999500
15	no_self_strain	90.5	91.0	484	484	1.000000	16475	0.999514
15	no_self_strain	90.0	90.5	309	309	1.000000	16784	0.999523
15	no_self_strain	89.5	90.0	307	307	1.000000	17091	0.999532
15	no_self_strain	89.0	89.5	322	322	1.000000	17413	0.999541
15	no_self_strain	88.5	89.0	345	345	1.000000	17758	0.999549
15	no_self_strain	88.0	88.5	304	306	0.993464	18064	0.999446
15	no_self_strain	87.5	88.0	320	320	1.000000	18384	0.999456
15	no_self_strain	87.0	87.5	335	337	0.994065	18721	0.999359
15	no_self_strain	86.5	87.0	336	336	1.000000	19057	0.999370
15	no_self_strain	86.0	86.5	323	324	0.996914	19381	0.999329
15	no_self_strain	85.5	86.0	330	330	1.000000	19711	0.999340
15	no_self_strain	85.0	85.5	328	328	1.000000	20039	0.999351
15	no_self_strain	84.5	85.0	347	349	0.994269	20388	0.999264
15	no_self_strain	84.0	84.5	315	318	0.990566	20706	0.999131
15	no_self_strain	83.5	84.0	274	277	0.989170	20983	0.998999
15	no_self_strain	83.0	83.5	202	205	0.985366	21188	0.998867
15	no_self_strain	82.5	83.0	97	97	1.000000	21285	0.998872
15	no_self_strain	82.0	82.5	33	33	1.000000	21318	0.998874
15	no_self_strain	81.5	82.0	3	3	1.000000	21321	0.998874
15	novel_species	100.0	100.5	2	2	1.000000	2	1.000000
15	novel_species	99.5	100.0	0	3	0.000000	5	0.400000
15	novel_species	98.5	99.0	1	5	0.200000	10	0.300000
15	novel_species	98.0	98.5	2	5	0.400000	15	0.333333
15	novel_species	97.5	98.0	0	2	0.000000	17	0.294118
15	novel_species	97.0	97.5	36	38	0.947368	55	0.745455
15	novel_species	96.5	97.0	103	106	0.971698	161	0.894410
15	novel_species	96.0	96.5	139	139	1.000000	300	0.943333
15	novel_species	95.5	96.0	280	280	1.000000	580	0.970690
15	novel_species	95.0	95.5	589	589	1.000000	1169	0.985458
15	novel_species	94.5	95.0	993	993	1.000000	2162	0.992137
15	novel_species	94.0	94.5	961	963	0.997923	3125	0.993920
15	novel_species	93.5	94.0	791	791	1.000000	3916	0.995148
15	novel_species	93.0	93.5	814	814	1.000000	4730	0.995983
15	novel_species	92.5	93.0	558	558	1.000000	5288	0.996407
15	novel_species	92.0	92.5	485	485	1.000000	5773	0.996709
15	novel_species	91.5	92.0	1012	1012	1.000000	6785	0.997200
15	novel_species	91.0	91.5	543	543	1.000000	7328	0.997407
15	novel_species	90.5	91.0	919	919	1.000000	8247	0.997696
15	novel_species	90.0	90.5	586	586	1.000000	8833	0.997849
15	novel_species	89.5	90.0	623	623	1.000000	9456	0.997991
15	novel_species	89.0	89.5	618	618	1.000000	10074	0.998114
15	novel_species	88.5	89.0	717	717	1.000000	10791	0.998239
15	novel_species	88.0	88.5	645	656	0.983232	11447	0.997379
15	novel_species	87.5	88.0	610	610	1.000000	12057	0.997512
15	novel_species	87.0	87.5	629	631	0.996830	12688	0.997478
15	novel_species	86.5	87.0	621	621	1.000000	13309	0.997596
15	novel_species	86.0	86.5	602	607	0.991763	13916	0.997341
15	novel_species	85.5	86.0	637	640	0.995313	14556	0.997252
15	novel_species	85.0	85.5	567	573	0.989529	15129	0.996959
15	novel_species	84.5	85.0	621	625	0.993600	15754	0.996826
15	novel_species	84.0	84.5	594	601	0.988353	16355	0.996515
15	novel_species	83.5	84.0	477	480	0.993750	16835	0.996436
15	novel_species	83.0	83.5	336	344	0.976744	17179	0.996042
15	novel_species	82.5	83.0	145	145	1.000000	17324	0.996075
15	novel_species	82.0	82.5	66	66	1.000000	17390	0.996090
15	novel_species	81.5	82.0	6	6	1.000000	17396	0.996091
50	as_reported	100.0	100.5	5728	5728	1.000000	5728	1.000000
50	as_reported	99.5	100.0	6344	6347	0.999527	12075	0.999752
50	as_reported	99.0	99.5	279	279	1.000000	12354	0.999757
50	as_reported	98.5	99.0	271	272	0.996324	12626	0.999683
50	as_reported	98.0	98.5	273	273	1.000000	12899	0.999690
50	as_reported	97.5	98.0	190	190	1.000000	13089	0.999694
50	as_reported	97.0	97.5	177	177	1.000000	13266	0.999698
50	as_reported	96.5	97.0	166	166	1.000000	13432	0.999702
50	as_reported	96.0	96.5	184	184	1.000000	13616	0.999706
50	as_reported	95.5	96.0	237	237	1.000000	13853	0.999711
50	as_reported	95.0	95.5	230	230	1.000000	14083	0.999716
50	as_reported	94.5	95.0	341	341	1.000000	14424	0.999723
50	as_reported	94.0	94.5	381	383	0.994778	14807	0.999595
50	as_reported	93.5	94.0	323	323	1.000000	15130	0.999603
50	as_reported	93.0	93.5	379	379	1.000000	15509	0.999613
50	as_reported	92.5	93.0	232	232	1.000000	15741	0.999619
50	as_reported	92.0	92.5	223	223	1.000000	15964	0.999624
50	as_reported	91.5	92.0	397	397	1.000000	16361	0.999633
50	as_reported	91.0	91.5	234	234	1.000000	16595	0.999638
50	as_reported	90.5	91.0	360	360	1.000000	16955	0.999646
50	as_reported	90.0	90.5	210	210	1.000000	17165	0.999650
50	as_reported	89.5	90.0	169	169	1.000000	17334	0.999654
50	as_reported	89.0	89.5	147	147	1.000000	17481	0.999657
50	as_reported	88.5	89.0	112	112	1.000000	17593	0.999659
50	as_reported	88.0	88.5	59	59	1.000000	17652	0.999660
50	as_reported	87.5	88.0	29	29	1.000000	17681	0.999661
50	as_reported	87.0	87.5	7	7	1.000000	17688	0.999661
50	as_reported	86.5	87.0	5	5	1.000000	17693	0.999661
50	no_self_strain	100.0	100.5	5266	5266	1.000000	5266	1.000000
50	no_self_strain	99.5	100.0	5631	5634	0.999468	10900	0.999725
50	no_self_strain	99.0	99.5	310	310	1.000000	11210	0.999732
50	no_self_strain	98.5	99.0	314	315	0.996825	11525	0.999653
50	no_self_strain	98.0	98.5	322	324	0.993827	11849	0.999494
50	no_self_strain	97.5	98.0	220	220	1.000000	12069	0.999503
50	no_self_strain	97.0	97.5	206	206	1.000000	12275	0.999511
50	no_self_strain	96.5	97.0	192	192	1.000000	12467	0.999519
50	no_self_strain	96.0	96.5	215	215	1.000000	12682	0.999527
50	no_self_strain	95.5	96.0	256	256	1.000000	12938	0.999536
50	no_self_strain	95.0	95.5	248	248	1.000000	13186	0.999545
50	no_self_strain	94.5	95.0	378	378	1.000000	13564	0.999558
50	no_self_strain	94.0	94.5	406	408	0.995098	13972	0.999427
50	no_self_strain	93.5	94.0	357	357	1.000000	14329	0.999442
50	no_self_strain	93.0	93.5	406	406	1.000000	14735	0.999457
50	no_self_strain	92.5	93.0	253	253	1.000000	14988	0.999466
50	no_self_strain	92.0	92.5	240	240	1.000000	15228	0.999475
50	no_self_strain	91.5	92.0	420	420	1.000000	15648	0.999489
50	no_self_strain	91.0	91.5	240	240	1.000000	15888	0.999496
50	no_self_strain	90.5	91.0	384	384	1.000000	16272	0.999508
50	no_self_strain	90.0	90.5	215	215	1.000000	16487	0.999515
50	no_self_strain	89.5	90.0	177	177	1.000000	16664	0.999520
50	no_self_strain	89.0	89.5	152	152	1.000000	16816	0.999524
50	no_self_strain	88.5	89.0	116	116	1.000000	16932	0.999528
50	no_self_strain	88.0	88.5	59	59	1.000000	16991	0.999529
50	no_self_strain	87.5	88.0	29	29	1.000000	17020	0.999530
50	no_self_strain	87.0	87.5	7	7	1.000000	17027	0.999530
50	no_self_strain	86.5	87.0	5	5	1.000000	17032	0.999530
50	novel_species	100.0	100.5	2	2	1.000000	2	1.000000
50	novel_species	99.5	100.0	0	3	0.000000	5	0.400000
50	novel_species	98.5	99.0	1	5	0.200000	10	0.300000
50	novel_species	98.0	98.5	2	5	0.400000	15	0.333333
50	novel_species	97.5	98.0	0	2	0.000000	17	0.294118
50	novel_species	97.0	97.5	36	38	0.947368	55	0.745455
50	novel_species	96.5	97.0	102	105	0.971429	160	0.893750
50	novel_species	96.0	96.5	139	139	1.000000	299	0.943144
50	novel_species	95.5	96.0	279	279	1.000000	578	0.970588
50	novel_species	95.0	95.5	589	589	1.000000	1167	0.985433
50	novel_species	94.5	95.0	992	992	1.000000	2159	0.992126
50	novel_species	94.0	94.5	955	957	0.997910	3116	0.993902
50	novel_species	93.5	94.0	785	785	1.000000	3901	0.995129
50	novel_species	93.0	93.5	800	800	1.000000	4701	0.995958
50	novel_species	92.5	93.0	534	534	1.000000	5235	0.996371
50	novel_species	92.0	92.5	472	472	1.000000	5707	0.996671
50	novel_species	91.5	92.0	947	947	1.000000	6654	0.997145
50	novel_species	91.0	91.5	454	454	1.000000	7108	0.997327
50	novel_species	90.5	91.0	736	736	1.000000	7844	0.997578
50	novel_species	90.0	90.5	394	394	1.000000	8238	0.997694
50	novel_species	89.5	90.0	351	351	1.000000	8589	0.997788
50	novel_species	89.0	89.5	267	267	1.000000	8856	0.997855
50	novel_species	88.5	89.0	214	214	1.000000	9070	0.997905
50	novel_species	88.0	88.5	110	110	1.000000	9180	0.997930
50	novel_species	87.5	88.0	45	45	1.000000	9225	0.997940
50	novel_species	87.0	87.5	12	12	1.000000	9237	0.997943
50	novel_species	86.5	87.0	6	6	1.000000	9243	0.997944
