acc_a	acc_b	sp_a	sp_b	same_species	mash_dist	ani_conv
GCA_049381025.1	GCA_965217535.1	Fusobacterium watanabei	Fusobacterium watanabei	1	0.000000	100.00
GCA_037900345.1	GCA_056333145.1	Fusobacterium nucleatum	Fusobacterium nucleatum	1	0.000007	100.00
GCA_031191795.1	GCA_050920715.1	Fusobacterium nucleatum	Fusobacterium nucleatum	1	0.000009	100.00
GCA_031191795.1	GCA_056333145.1	Fusobacterium nucleatum	Fusobacterium nucleatum	1	0.000019	100.00
GCA_003019295.1	GCA_056333145.1	Fusobacterium nucleatum	Fusobacterium nucleatum	1	0.000020	100.00
GCA_031191795.1	GCA_037900345.1	Fusobacterium nucleatum	Fusobacterium nucleatum	1	0.000020	100.00
GCA_003019295.1	GCA_037900345.1	Fusobacterium nucleatum	Fusobacterium nucleatum	1	0.000022	100.00
GCA_050920715.1	GCA_056333145.1	Fusobacterium nucleatum	Fusobacterium nucleatum	1	0.000024	100.00
GCA_037900345.1	GCA_050920715.1	Fusobacterium nucleatum	Fusobacterium nucleatum	1	0.000025	100.00
GCA_003019295.1	GCA_031191795.1	Fusobacterium nucleatum	Fusobacterium nucleatum	1	0.000031	100.00
GCA_001457555.1	GCA_035320945.1	Fusobacterium polymorphum	Fusobacterium polymorphum	1	0.000033	100.00
GCA_003019295.1	GCA_050920715.1	Fusobacterium nucleatum	Fusobacterium nucleatum	1	0.000038	100.00
GCA_000158315.2	GCA_003019675.1	Fusobacterium ulcerans	Fusobacterium ulcerans	1	0.000053	99.99
GCA_001457555.1	GCA_037900625.1	Fusobacterium polymorphum	Fusobacterium polymorphum	1	0.000054	99.99
GCA_035320945.1	GCA_037900625.1	Fusobacterium polymorphum	Fusobacterium polymorphum	1	0.000059	99.99
GCA_000262225.1	GCA_008801775.1	Fusobacterium necrophorum	Fusobacterium necrophorum	1	0.000077	99.99
GCA_000153625.1	GCA_035320945.1	Fusobacterium polymorphum	Fusobacterium polymorphum	1	0.000090	99.99
GCA_001457555.1	GCA_050920725.1	Fusobacterium polymorphum	Fusobacterium polymorphum	1	0.000090	99.99
GCA_000153625.1	GCA_001457555.1	Fusobacterium polymorphum	Fusobacterium polymorphum	1	0.000095	99.99
GCA_035320945.1	GCA_050920725.1	Fusobacterium polymorphum	Fusobacterium polymorphum	1	0.000097	99.99
GCA_037900625.1	GCA_050920725.1	Fusobacterium polymorphum	Fusobacterium polymorphum	1	0.000112	99.99
GCA_000153625.1	GCA_037900625.1	Fusobacterium polymorphum	Fusobacterium polymorphum	1	0.000114	99.99
GCA_000153625.1	GCA_050920725.1	Fusobacterium polymorphum	Fusobacterium polymorphum	1	0.000153	99.98
GCA_031191795.1	GCA_964642115.1	Fusobacterium nucleatum	Fusobacterium nucleatum	1	0.000202	99.98
GCA_050920715.1	GCA_964642115.1	Fusobacterium nucleatum	Fusobacterium nucleatum	1	0.000206	99.98
GCA_056333145.1	GCA_964642115.1	Fusobacterium nucleatum	Fusobacterium nucleatum	1	0.000217	99.98
GCA_037900345.1	GCA_964642115.1	Fusobacterium nucleatum	Fusobacterium nucleatum	1	0.000219	99.98
GCA_003019295.1	GCA_964642115.1	Fusobacterium nucleatum	Fusobacterium nucleatum	1	0.000232	99.97
GCA_000292935.1	GCA_014217355.1	Fusobacterium hwasookii	Fusobacterium hwasookii	1	0.000702	99.92
GCA_000158835.2	GCA_003019695.1	Fusobacterium gonidiaformans	Fusobacterium gonidiaformans	1	0.000854	99.90
GCA_000279975.1	GCA_900450795.1	Fusobacterium vincentii	Fusobacterium vincentii	1	0.003585	99.60
GCA_000182945.1	GCA_000279975.1	Fusobacterium vincentii	Fusobacterium vincentii	1	0.019660	97.80
GCA_000182945.1	GCA_900450795.1	Fusobacterium vincentii	Fusobacterium vincentii	1	0.022666	97.46
GCA_000262225.1	GCA_900104395.1	Fusobacterium necrophorum	Fusobacterium necrophorum	1	0.027580	96.91
GCA_008801775.1	GCA_900104395.1	Fusobacterium necrophorum	Fusobacterium necrophorum	1	0.027582	96.91
GCA_055694045.1	GCA_964642115.1	Fusobacterium abscessus	Fusobacterium nucleatum	0	0.041596	95.34
GCA_031191795.1	GCA_055694045.1	Fusobacterium nucleatum	Fusobacterium abscessus	0	0.041630	95.34
GCA_050920715.1	GCA_055694045.1	Fusobacterium nucleatum	Fusobacterium abscessus	0	0.041631	95.34
GCA_055694045.1	GCA_056333145.1	Fusobacterium abscessus	Fusobacterium nucleatum	0	0.041639	95.34
GCA_037900345.1	GCA_055694045.1	Fusobacterium nucleatum	Fusobacterium abscessus	0	0.041640	95.34
GCA_003019295.1	GCA_055694045.1	Fusobacterium nucleatum	Fusobacterium abscessus	0	0.041647	95.34
GCA_000292935.1	GCA_035320945.1	Fusobacterium hwasookii	Fusobacterium polymorphum	0	0.060312	93.25
GCA_000292935.1	GCA_001457555.1	Fusobacterium hwasookii	Fusobacterium polymorphum	0	0.060317	93.24
GCA_000292935.1	GCA_037900625.1	Fusobacterium hwasookii	Fusobacterium polymorphum	0	0.060342	93.24
GCA_000292935.1	GCA_050920725.1	Fusobacterium hwasookii	Fusobacterium polymorphum	0	0.060344	93.24
GCA_000153625.1	GCA_000292935.1	Fusobacterium polymorphum	Fusobacterium hwasookii	0	0.060462	93.23
GCA_014217355.1	GCA_035320945.1	Fusobacterium hwasookii	Fusobacterium polymorphum	0	0.060723	93.20
GCA_001457555.1	GCA_014217355.1	Fusobacterium polymorphum	Fusobacterium hwasookii	0	0.060726	93.20
GCA_014217355.1	GCA_037900625.1	Fusobacterium hwasookii	Fusobacterium polymorphum	0	0.060766	93.19
GCA_014217355.1	GCA_050920725.1	Fusobacterium hwasookii	Fusobacterium polymorphum	0	0.060766	93.19
GCA_000153625.1	GCA_014217355.1	Fusobacterium polymorphum	Fusobacterium hwasookii	0	0.060921	93.18
GCA_000279975.1	GCA_049381025.1	Fusobacterium vincentii	Fusobacterium watanabei	0	0.062625	92.99
GCA_000279975.1	GCA_965217535.1	Fusobacterium vincentii	Fusobacterium watanabei	0	0.062625	92.99
GCA_000160475.1	GCA_002761955.1	Fusobacterium periodonticum	Fusobacterium pseudoperiodonticum	0	0.063258	92.92
GCA_049381025.1	GCA_900450795.1	Fusobacterium watanabei	Fusobacterium vincentii	0	0.063630	92.87
GCA_900450795.1	GCA_965217535.1	Fusobacterium vincentii	Fusobacterium watanabei	0	0.063630	92.87
GCA_900450795.1	GCA_965278035.1	Fusobacterium vincentii	Fusobacterium paranimalis	0	0.063913	92.84
GCA_001457555.1	GCA_016724785.1	Fusobacterium polymorphum	Fusobacterium canifelinum	0	0.064544	92.77
GCA_016724785.1	GCA_035320945.1	Fusobacterium canifelinum	Fusobacterium polymorphum	0	0.064558	92.77
GCA_016724785.1	GCA_037900625.1	Fusobacterium canifelinum	Fusobacterium polymorphum	0	0.064566	92.77
GCA_016724785.1	GCA_050920725.1	Fusobacterium canifelinum	Fusobacterium polymorphum	0	0.064577	92.77
GCA_000153625.1	GCA_016724785.1	Fusobacterium polymorphum	Fusobacterium canifelinum	0	0.064755	92.75
GCA_000279975.1	GCA_965278035.1	Fusobacterium vincentii	Fusobacterium paranimalis	0	0.064859	92.74
GCA_055694045.1	GCA_900450795.1	Fusobacterium abscessus	Fusobacterium vincentii	0	0.064930	92.73
GCA_000279975.1	GCA_055694045.1	Fusobacterium vincentii	Fusobacterium abscessus	0	0.065760	92.63
GCA_049381025.1	GCA_965278035.1	Fusobacterium watanabei	Fusobacterium paranimalis	0	0.066309	92.57
GCA_965217535.1	GCA_965278035.1	Fusobacterium watanabei	Fusobacterium paranimalis	0	0.066309	92.57
GCA_056823795.1	GCA_965278035.1	Fusobacterium animalis	Fusobacterium paranimalis	0	0.066613	92.54
GCA_000182945.1	GCA_049381025.1	Fusobacterium vincentii	Fusobacterium watanabei	0	0.066741	92.53
GCA_000182945.1	GCA_965217535.1	Fusobacterium vincentii	Fusobacterium watanabei	0	0.066741	92.53
GCA_016724785.1	GCA_031191795.1	Fusobacterium canifelinum	Fusobacterium nucleatum	0	0.067489	92.44
GCA_016724785.1	GCA_037900345.1	Fusobacterium canifelinum	Fusobacterium nucleatum	0	0.067489	92.44
GCA_016724785.1	GCA_050920715.1	Fusobacterium canifelinum	Fusobacterium nucleatum	0	0.067492	92.44
GCA_016724785.1	GCA_056333145.1	Fusobacterium canifelinum	Fusobacterium nucleatum	0	0.067492	92.44
GCA_003019295.1	GCA_016724785.1	Fusobacterium nucleatum	Fusobacterium canifelinum	0	0.067504	92.44
GCA_016724785.1	GCA_964642115.1	Fusobacterium canifelinum	Fusobacterium nucleatum	0	0.067516	92.44
GCA_000182945.1	GCA_965278035.1	Fusobacterium vincentii	Fusobacterium paranimalis	0	0.067760	92.41
GCA_000292935.1	GCA_016724785.1	Fusobacterium hwasookii	Fusobacterium canifelinum	0	0.068485	92.33
GCA_000182945.1	GCA_055694045.1	Fusobacterium vincentii	Fusobacterium abscessus	0	0.068830	92.29
GCA_014217355.1	GCA_016724785.1	Fusobacterium hwasookii	Fusobacterium canifelinum	0	0.068930	92.28
GCA_000279975.1	GCA_003019295.1	Fusobacterium vincentii	Fusobacterium nucleatum	0	0.068949	92.28
GCA_000279975.1	GCA_031191795.1	Fusobacterium vincentii	Fusobacterium nucleatum	0	0.068949	92.28
GCA_000279975.1	GCA_037900345.1	Fusobacterium vincentii	Fusobacterium nucleatum	0	0.068949	92.28
GCA_000279975.1	GCA_056333145.1	Fusobacterium vincentii	Fusobacterium nucleatum	0	0.068949	92.28
GCA_000279975.1	GCA_050920715.1	Fusobacterium vincentii	Fusobacterium nucleatum	0	0.068952	92.28
GCA_000279975.1	GCA_964642115.1	Fusobacterium vincentii	Fusobacterium nucleatum	0	0.069000	92.27
GCA_003019295.1	GCA_900450795.1	Fusobacterium nucleatum	Fusobacterium vincentii	0	0.069292	92.24
GCA_037900345.1	GCA_900450795.1	Fusobacterium nucleatum	Fusobacterium vincentii	0	0.069292	92.24
GCA_056333145.1	GCA_900450795.1	Fusobacterium nucleatum	Fusobacterium vincentii	0	0.069292	92.24
GCA_031191795.1	GCA_900450795.1	Fusobacterium nucleatum	Fusobacterium vincentii	0	0.069298	92.24
GCA_050920715.1	GCA_900450795.1	Fusobacterium nucleatum	Fusobacterium vincentii	0	0.069298	92.24
GCA_900450795.1	GCA_964642115.1	Fusobacterium vincentii	Fusobacterium nucleatum	0	0.069394	92.23
GCA_016724785.1	GCA_055694045.1	Fusobacterium canifelinum	Fusobacterium abscessus	0	0.069769	92.19
GCA_000182945.1	GCA_050920715.1	Fusobacterium vincentii	Fusobacterium nucleatum	0	0.070390	92.12
GCA_000182945.1	GCA_031191795.1	Fusobacterium vincentii	Fusobacterium nucleatum	0	0.070393	92.12
GCA_000182945.1	GCA_037900345.1	Fusobacterium vincentii	Fusobacterium nucleatum	0	0.070400	92.12
GCA_000182945.1	GCA_056333145.1	Fusobacterium vincentii	Fusobacterium nucleatum	0	0.070400	92.12
GCA_000182945.1	GCA_964642115.1	Fusobacterium vincentii	Fusobacterium nucleatum	0	0.070406	92.11
GCA_000182945.1	GCA_003019295.1	Fusobacterium vincentii	Fusobacterium nucleatum	0	0.070416	92.11
GCA_049381025.1	GCA_056823795.1	Fusobacterium watanabei	Fusobacterium animalis	0	0.071235	92.02
GCA_056823795.1	GCA_965217535.1	Fusobacterium animalis	Fusobacterium watanabei	0	0.071235	92.02
GCA_055694045.1	GCA_965278035.1	Fusobacterium abscessus	Fusobacterium paranimalis	0	0.071667	91.97
GCA_037900345.1	GCA_049381025.1	Fusobacterium nucleatum	Fusobacterium watanabei	0	0.072638	91.86
GCA_049381025.1	GCA_056333145.1	Fusobacterium watanabei	Fusobacterium nucleatum	0	0.072638	91.86
GCA_037900345.1	GCA_965217535.1	Fusobacterium nucleatum	Fusobacterium watanabei	0	0.072638	91.86
GCA_056333145.1	GCA_965217535.1	Fusobacterium nucleatum	Fusobacterium watanabei	0	0.072638	91.86
GCA_003019295.1	GCA_049381025.1	Fusobacterium nucleatum	Fusobacterium watanabei	0	0.072642	91.86
GCA_031191795.1	GCA_049381025.1	Fusobacterium nucleatum	Fusobacterium watanabei	0	0.072642	91.86
GCA_049381025.1	GCA_050920715.1	Fusobacterium watanabei	Fusobacterium nucleatum	0	0.072642	91.86
GCA_003019295.1	GCA_965217535.1	Fusobacterium nucleatum	Fusobacterium watanabei	0	0.072642	91.86
GCA_031191795.1	GCA_965217535.1	Fusobacterium nucleatum	Fusobacterium watanabei	0	0.072642	91.86
GCA_050920715.1	GCA_965217535.1	Fusobacterium nucleatum	Fusobacterium watanabei	0	0.072642	91.86
GCA_049381025.1	GCA_964642115.1	Fusobacterium watanabei	Fusobacterium nucleatum	0	0.072746	91.85
GCA_964642115.1	GCA_965217535.1	Fusobacterium nucleatum	Fusobacterium watanabei	0	0.072746	91.85
GCA_056823795.1	GCA_900450795.1	Fusobacterium animalis	Fusobacterium vincentii	0	0.073146	91.81
GCA_000279975.1	GCA_056823795.1	Fusobacterium vincentii	Fusobacterium animalis	0	0.073550	91.76
GCA_049381025.1	GCA_055694045.1	Fusobacterium watanabei	Fusobacterium abscessus	0	0.073893	91.72
GCA_055694045.1	GCA_965217535.1	Fusobacterium abscessus	Fusobacterium watanabei	0	0.073893	91.72
GCA_000182945.1	GCA_056823795.1	Fusobacterium vincentii	Fusobacterium animalis	0	0.075109	91.59
GCA_001457555.1	GCA_055694045.1	Fusobacterium polymorphum	Fusobacterium abscessus	0	0.076108	91.48
GCA_035320945.1	GCA_055694045.1	Fusobacterium polymorphum	Fusobacterium abscessus	0	0.076112	91.48
GCA_037900625.1	GCA_055694045.1	Fusobacterium polymorphum	Fusobacterium abscessus	0	0.076142	91.47
GCA_050920725.1	GCA_055694045.1	Fusobacterium polymorphum	Fusobacterium abscessus	0	0.076161	91.47
GCA_001457555.1	GCA_031191795.1	Fusobacterium polymorphum	Fusobacterium nucleatum	0	0.076215	91.46
GCA_001457555.1	GCA_056333145.1	Fusobacterium polymorphum	Fusobacterium nucleatum	0	0.076215	91.46
GCA_001457555.1	GCA_037900345.1	Fusobacterium polymorphum	Fusobacterium nucleatum	0	0.076218	91.46
GCA_001457555.1	GCA_050920715.1	Fusobacterium polymorphum	Fusobacterium nucleatum	0	0.076218	91.46
GCA_001457555.1	GCA_003019295.1	Fusobacterium polymorphum	Fusobacterium nucleatum	0	0.076226	91.46
GCA_003019295.1	GCA_035320945.1	Fusobacterium nucleatum	Fusobacterium polymorphum	0	0.076230	91.46
GCA_035320945.1	GCA_056333145.1	Fusobacterium polymorphum	Fusobacterium nucleatum	0	0.076230	91.46
GCA_035320945.1	GCA_037900345.1	Fusobacterium polymorphum	Fusobacterium nucleatum	0	0.076234	91.46
GCA_037900625.1	GCA_056333145.1	Fusobacterium polymorphum	Fusobacterium nucleatum	0	0.076234	91.46
GCA_037900345.1	GCA_037900625.1	Fusobacterium nucleatum	Fusobacterium polymorphum	0	0.076237	91.46
GCA_037900625.1	GCA_050920715.1	Fusobacterium polymorphum	Fusobacterium nucleatum	0	0.076237	91.46
GCA_031191795.1	GCA_035320945.1	Fusobacterium nucleatum	Fusobacterium polymorphum	0	0.076241	91.46
GCA_031191795.1	GCA_037900625.1	Fusobacterium nucleatum	Fusobacterium polymorphum	0	0.076241	91.46
GCA_035320945.1	GCA_050920715.1	Fusobacterium polymorphum	Fusobacterium nucleatum	0	0.076241	91.46
GCA_031191795.1	GCA_050920725.1	Fusobacterium nucleatum	Fusobacterium polymorphum	0	0.076249	91.46
GCA_037900345.1	GCA_050920725.1	Fusobacterium nucleatum	Fusobacterium polymorphum	0	0.076249	91.46
GCA_050920725.1	GCA_056333145.1	Fusobacterium polymorphum	Fusobacterium nucleatum	0	0.076249	91.46
GCA_003019295.1	GCA_037900625.1	Fusobacterium nucleatum	Fusobacterium polymorphum	0	0.076253	91.46
GCA_050920715.1	GCA_050920725.1	Fusobacterium nucleatum	Fusobacterium polymorphum	0	0.076253	91.46
GCA_003019295.1	GCA_050920725.1	Fusobacterium nucleatum	Fusobacterium polymorphum	0	0.076264	91.46
GCA_001457555.1	GCA_964642115.1	Fusobacterium polymorphum	Fusobacterium nucleatum	0	0.076337	91.45
GCA_035320945.1	GCA_964642115.1	Fusobacterium polymorphum	Fusobacterium nucleatum	0	0.076348	91.45
GCA_037900625.1	GCA_964642115.1	Fusobacterium polymorphum	Fusobacterium nucleatum	0	0.076352	91.45
GCA_000153625.1	GCA_055694045.1	Fusobacterium polymorphum	Fusobacterium abscessus	0	0.076364	91.45
GCA_050920725.1	GCA_964642115.1	Fusobacterium polymorphum	Fusobacterium nucleatum	0	0.076375	91.45
GCA_000153625.1	GCA_031191795.1	Fusobacterium polymorphum	Fusobacterium nucleatum	0	0.076475	91.43
GCA_000153625.1	GCA_056333145.1	Fusobacterium polymorphum	Fusobacterium nucleatum	0	0.076475	91.43
GCA_000153625.1	GCA_037900345.1	Fusobacterium polymorphum	Fusobacterium nucleatum	0	0.076479	91.43
GCA_000153625.1	GCA_050920715.1	Fusobacterium polymorphum	Fusobacterium nucleatum	0	0.076482	91.43
GCA_000153625.1	GCA_003019295.1	Fusobacterium polymorphum	Fusobacterium nucleatum	0	0.076490	91.43
GCA_000153625.1	GCA_964642115.1	Fusobacterium polymorphum	Fusobacterium nucleatum	0	0.076606	91.42
GCA_031191795.1	GCA_965278035.1	Fusobacterium nucleatum	Fusobacterium paranimalis	0	0.077310	91.34
GCA_050920715.1	GCA_965278035.1	Fusobacterium nucleatum	Fusobacterium paranimalis	0	0.077310	91.34
GCA_003019295.1	GCA_965278035.1	Fusobacterium nucleatum	Fusobacterium paranimalis	0	0.077317	91.34
GCA_037900345.1	GCA_965278035.1	Fusobacterium nucleatum	Fusobacterium paranimalis	0	0.077317	91.34
GCA_056333145.1	GCA_965278035.1	Fusobacterium nucleatum	Fusobacterium paranimalis	0	0.077317	91.34
GCA_964642115.1	GCA_965278035.1	Fusobacterium nucleatum	Fusobacterium paranimalis	0	0.077427	91.33
GCA_000279975.1	GCA_001457555.1	Fusobacterium vincentii	Fusobacterium polymorphum	0	0.081170	90.91
GCA_000279975.1	GCA_035320945.1	Fusobacterium vincentii	Fusobacterium polymorphum	0	0.081187	90.91
GCA_000279975.1	GCA_050920725.1	Fusobacterium vincentii	Fusobacterium polymorphum	0	0.081213	90.90
GCA_000279975.1	GCA_037900625.1	Fusobacterium vincentii	Fusobacterium polymorphum	0	0.081239	90.90
GCA_001457555.1	GCA_900450795.1	Fusobacterium polymorphum	Fusobacterium vincentii	0	0.081343	90.89
GCA_035320945.1	GCA_900450795.1	Fusobacterium polymorphum	Fusobacterium vincentii	0	0.081352	90.89
GCA_056333145.1	GCA_056823795.1	Fusobacterium nucleatum	Fusobacterium animalis	0	0.081391	90.88
GCA_037900625.1	GCA_900450795.1	Fusobacterium polymorphum	Fusobacterium vincentii	0	0.081391	90.88
GCA_003019295.1	GCA_056823795.1	Fusobacterium nucleatum	Fusobacterium animalis	0	0.081395	90.88
GCA_037900345.1	GCA_056823795.1	Fusobacterium nucleatum	Fusobacterium animalis	0	0.081395	90.88
GCA_031191795.1	GCA_056823795.1	Fusobacterium nucleatum	Fusobacterium animalis	0	0.081400	90.88
GCA_050920715.1	GCA_056823795.1	Fusobacterium nucleatum	Fusobacterium animalis	0	0.081400	90.88
GCA_050920725.1	GCA_900450795.1	Fusobacterium polymorphum	Fusobacterium vincentii	0	0.081404	90.88
GCA_056823795.1	GCA_964642115.1	Fusobacterium animalis	Fusobacterium nucleatum	0	0.081443	90.88
GCA_000153625.1	GCA_000279975.1	Fusobacterium polymorphum	Fusobacterium vincentii	0	0.081491	90.87
GCA_000153625.1	GCA_900450795.1	Fusobacterium polymorphum	Fusobacterium vincentii	0	0.081644	90.86
GCA_055694045.1	GCA_056823795.1	Fusobacterium abscessus	Fusobacterium animalis	0	0.082010	90.81
GCA_000292935.1	GCA_964642115.1	Fusobacterium hwasookii	Fusobacterium nucleatum	0	0.082129	90.80
GCA_000292935.1	GCA_037900345.1	Fusobacterium hwasookii	Fusobacterium nucleatum	0	0.082165	90.80
GCA_000292935.1	GCA_056333145.1	Fusobacterium hwasookii	Fusobacterium nucleatum	0	0.082165	90.80
GCA_000292935.1	GCA_031191795.1	Fusobacterium hwasookii	Fusobacterium nucleatum	0	0.082169	90.80
GCA_000292935.1	GCA_003019295.1	Fusobacterium hwasookii	Fusobacterium nucleatum	0	0.082173	90.80
GCA_000292935.1	GCA_050920715.1	Fusobacterium hwasookii	Fusobacterium nucleatum	0	0.082173	90.80
GCA_014217355.1	GCA_964642115.1	Fusobacterium hwasookii	Fusobacterium nucleatum	0	0.082521	90.76
GCA_014217355.1	GCA_031191795.1	Fusobacterium hwasookii	Fusobacterium nucleatum	0	0.082566	90.75
GCA_014217355.1	GCA_037900345.1	Fusobacterium hwasookii	Fusobacterium nucleatum	0	0.082571	90.75
GCA_014217355.1	GCA_050920715.1	Fusobacterium hwasookii	Fusobacterium nucleatum	0	0.082571	90.75
GCA_014217355.1	GCA_056333145.1	Fusobacterium hwasookii	Fusobacterium nucleatum	0	0.082571	90.75
GCA_003019295.1	GCA_014217355.1	Fusobacterium nucleatum	Fusobacterium hwasookii	0	0.082575	90.75
GCA_000279975.1	GCA_016724785.1	Fusobacterium vincentii	Fusobacterium canifelinum	0	0.083149	90.69
GCA_000182945.1	GCA_001457555.1	Fusobacterium vincentii	Fusobacterium polymorphum	0	0.083249	90.68
GCA_000182945.1	GCA_035320945.1	Fusobacterium vincentii	Fusobacterium polymorphum	0	0.083262	90.67
GCA_000182945.1	GCA_037900625.1	Fusobacterium vincentii	Fusobacterium polymorphum	0	0.083308	90.67
GCA_000182945.1	GCA_050920725.1	Fusobacterium vincentii	Fusobacterium polymorphum	0	0.083336	90.67
GCA_000292935.1	GCA_055694045.1	Fusobacterium hwasookii	Fusobacterium abscessus	0	0.083565	90.64
GCA_000153625.1	GCA_000182945.1	Fusobacterium polymorphum	Fusobacterium vincentii	0	0.083574	90.64
GCA_016724785.1	GCA_900450795.1	Fusobacterium canifelinum	Fusobacterium vincentii	0	0.083818	90.61
GCA_014217355.1	GCA_055694045.1	Fusobacterium hwasookii	Fusobacterium abscessus	0	0.083939	90.60
GCA_001457555.1	GCA_056823795.1	Fusobacterium polymorphum	Fusobacterium animalis	0	0.085020	90.48
GCA_037900625.1	GCA_056823795.1	Fusobacterium polymorphum	Fusobacterium animalis	0	0.085020	90.48
GCA_035320945.1	GCA_056823795.1	Fusobacterium polymorphum	Fusobacterium animalis	0	0.085063	90.47
GCA_050920725.1	GCA_056823795.1	Fusobacterium polymorphum	Fusobacterium animalis	0	0.085063	90.47
GCA_000153625.1	GCA_056823795.1	Fusobacterium polymorphum	Fusobacterium animalis	0	0.085302	90.45
GCA_000182945.1	GCA_016724785.1	Fusobacterium vincentii	Fusobacterium canifelinum	0	0.085370	90.44
GCA_001457555.1	GCA_965278035.1	Fusobacterium polymorphum	Fusobacterium paranimalis	0	0.088140	90.13
GCA_035320945.1	GCA_965278035.1	Fusobacterium polymorphum	Fusobacterium paranimalis	0	0.088150	90.13
GCA_037900625.1	GCA_965278035.1	Fusobacterium polymorphum	Fusobacterium paranimalis	0	0.088166	90.13
GCA_050920725.1	GCA_965278035.1	Fusobacterium polymorphum	Fusobacterium paranimalis	0	0.088197	90.12
GCA_016724785.1	GCA_049381025.1	Fusobacterium canifelinum	Fusobacterium watanabei	0	0.088362	90.10
GCA_016724785.1	GCA_965217535.1	Fusobacterium canifelinum	Fusobacterium watanabei	0	0.088362	90.10
GCA_000153625.1	GCA_965278035.1	Fusobacterium polymorphum	Fusobacterium paranimalis	0	0.088466	90.09
GCA_001457555.1	GCA_049381025.1	Fusobacterium polymorphum	Fusobacterium watanabei	0	0.089315	90.00
GCA_001457555.1	GCA_965217535.1	Fusobacterium polymorphum	Fusobacterium watanabei	0	0.089315	90.00
GCA_035320945.1	GCA_049381025.1	Fusobacterium polymorphum	Fusobacterium watanabei	0	0.089326	90.00
GCA_037900625.1	GCA_049381025.1	Fusobacterium polymorphum	Fusobacterium watanabei	0	0.089326	90.00
GCA_035320945.1	GCA_965217535.1	Fusobacterium polymorphum	Fusobacterium watanabei	0	0.089326	90.00
GCA_037900625.1	GCA_965217535.1	Fusobacterium polymorphum	Fusobacterium watanabei	0	0.089326	90.00
GCA_049381025.1	GCA_050920725.1	Fusobacterium watanabei	Fusobacterium polymorphum	0	0.089363	89.99
GCA_050920725.1	GCA_965217535.1	Fusobacterium polymorphum	Fusobacterium watanabei	0	0.089363	89.99
GCA_000153625.1	GCA_049381025.1	Fusobacterium polymorphum	Fusobacterium watanabei	0	0.089602	89.96
GCA_000153625.1	GCA_965217535.1	Fusobacterium polymorphum	Fusobacterium watanabei	0	0.089602	89.96
GCA_016724785.1	GCA_056823795.1	Fusobacterium canifelinum	Fusobacterium animalis	0	0.090334	89.88
GCA_016724785.1	GCA_965278035.1	Fusobacterium canifelinum	Fusobacterium paranimalis	0	0.091301	89.77
GCA_000279975.1	GCA_000292935.1	Fusobacterium vincentii	Fusobacterium hwasookii	0	0.091738	89.73
GCA_026089295.1	GCA_056823795.1	Fusobacterium simiae	Fusobacterium animalis	0	0.091986	89.70
GCA_000292935.1	GCA_900450795.1	Fusobacterium hwasookii	Fusobacterium vincentii	0	0.092088	89.69
GCA_000279975.1	GCA_014217355.1	Fusobacterium vincentii	Fusobacterium hwasookii	0	0.092122	89.68
GCA_014217355.1	GCA_900450795.1	Fusobacterium hwasookii	Fusobacterium vincentii	0	0.092458	89.64
GCA_000182945.1	GCA_000292935.1	Fusobacterium vincentii	Fusobacterium hwasookii	0	0.094921	89.37
GCA_000182945.1	GCA_014217355.1	Fusobacterium vincentii	Fusobacterium hwasookii	0	0.095354	89.32
GCA_000292935.1	GCA_056823795.1	Fusobacterium hwasookii	Fusobacterium animalis	0	0.095872	89.26
GCA_014217355.1	GCA_056823795.1	Fusobacterium hwasookii	Fusobacterium animalis	0	0.096265	89.22
GCA_000292935.1	GCA_049381025.1	Fusobacterium hwasookii	Fusobacterium watanabei	0	0.096891	89.15
GCA_000292935.1	GCA_965217535.1	Fusobacterium hwasookii	Fusobacterium watanabei	0	0.096891	89.15
GCA_014217355.1	GCA_049381025.1	Fusobacterium hwasookii	Fusobacterium watanabei	0	0.097281	89.10
GCA_014217355.1	GCA_965217535.1	Fusobacterium hwasookii	Fusobacterium watanabei	0	0.097281	89.10
GCA_000292935.1	GCA_965278035.1	Fusobacterium hwasookii	Fusobacterium paranimalis	0	0.098493	88.97
GCA_014217355.1	GCA_965278035.1	Fusobacterium hwasookii	Fusobacterium paranimalis	0	0.098965	88.92
GCA_000160475.1	GCA_000292935.1	Fusobacterium periodonticum	Fusobacterium hwasookii	0	0.102217	88.55
GCA_000279975.1	GCA_026089295.1	Fusobacterium vincentii	Fusobacterium simiae	0	0.102391	88.53
GCA_000160475.1	GCA_014217355.1	Fusobacterium periodonticum	Fusobacterium hwasookii	0	0.102558	88.51
GCA_026089295.1	GCA_900450795.1	Fusobacterium simiae	Fusobacterium vincentii	0	0.102595	88.51
GCA_026089295.1	GCA_049381025.1	Fusobacterium simiae	Fusobacterium watanabei	0	0.103263	88.43
GCA_026089295.1	GCA_965217535.1	Fusobacterium simiae	Fusobacterium watanabei	0	0.103263	88.43
GCA_003019295.1	GCA_026089295.1	Fusobacterium nucleatum	Fusobacterium simiae	0	0.103397	88.42
GCA_026089295.1	GCA_037900345.1	Fusobacterium simiae	Fusobacterium nucleatum	0	0.103404	88.42
GCA_026089295.1	GCA_056333145.1	Fusobacterium simiae	Fusobacterium nucleatum	0	0.103404	88.42
GCA_026089295.1	GCA_031191795.1	Fusobacterium simiae	Fusobacterium nucleatum	0	0.103426	88.42
GCA_026089295.1	GCA_050920715.1	Fusobacterium simiae	Fusobacterium nucleatum	0	0.103426	88.42
GCA_026089295.1	GCA_964642115.1	Fusobacterium simiae	Fusobacterium nucleatum	0	0.103449	88.41
GCA_016724785.1	GCA_026089295.1	Fusobacterium canifelinum	Fusobacterium simiae	0	0.104901	88.25
GCA_026089295.1	GCA_055694045.1	Fusobacterium simiae	Fusobacterium abscessus	0	0.105740	88.16
GCA_000182945.1	GCA_026089295.1	Fusobacterium vincentii	Fusobacterium simiae	0	0.106103	88.12
GCA_001457555.1	GCA_026089295.1	Fusobacterium polymorphum	Fusobacterium simiae	0	0.106829	88.04
GCA_026089295.1	GCA_035320945.1	Fusobacterium simiae	Fusobacterium polymorphum	0	0.106829	88.04
GCA_026089295.1	GCA_037900625.1	Fusobacterium simiae	Fusobacterium polymorphum	0	0.106837	88.03
GCA_000153625.1	GCA_026089295.1	Fusobacterium polymorphum	Fusobacterium simiae	0	0.106861	88.03
GCA_026089295.1	GCA_050920725.1	Fusobacterium simiae	Fusobacterium polymorphum	0	0.106893	88.03
GCA_026089295.1	GCA_965278035.1	Fusobacterium simiae	Fusobacterium paranimalis	0	0.107519	87.96
GCA_003019675.1	GCA_900637705.1	Fusobacterium ulcerans	Fusobacterium varium	0	0.107592	87.95
GCA_000158315.2	GCA_900637705.1	Fusobacterium ulcerans	Fusobacterium varium	0	0.107625	87.95
GCA_000160475.1	GCA_001457555.1	Fusobacterium periodonticum	Fusobacterium polymorphum	0	0.110211	87.66
GCA_000160475.1	GCA_037900625.1	Fusobacterium periodonticum	Fusobacterium polymorphum	0	0.110228	87.65
GCA_000160475.1	GCA_035320945.1	Fusobacterium periodonticum	Fusobacterium polymorphum	0	0.110245	87.65
GCA_000160475.1	GCA_050920725.1	Fusobacterium periodonticum	Fusobacterium polymorphum	0	0.110245	87.65
GCA_000153625.1	GCA_000160475.1	Fusobacterium polymorphum	Fusobacterium periodonticum	0	0.110683	87.60
GCA_000292935.1	GCA_026089295.1	Fusobacterium hwasookii	Fusobacterium simiae	0	0.111268	87.54
GCA_014217355.1	GCA_026089295.1	Fusobacterium hwasookii	Fusobacterium simiae	0	0.111771	87.48
GCA_000160475.1	GCA_016724785.1	Fusobacterium periodonticum	Fusobacterium canifelinum	0	0.116730	86.93
GCA_000292935.1	GCA_002761955.1	Fusobacterium hwasookii	Fusobacterium pseudoperiodonticum	0	0.117464	86.84
GCA_002761955.1	GCA_014217355.1	Fusobacterium pseudoperiodonticum	Fusobacterium hwasookii	0	0.117754	86.81
GCA_001457555.1	GCA_002761955.1	Fusobacterium polymorphum	Fusobacterium pseudoperiodonticum	0	0.121798	86.36
GCA_002761955.1	GCA_037900625.1	Fusobacterium pseudoperiodonticum	Fusobacterium polymorphum	0	0.121798	86.36
GCA_002761955.1	GCA_050920725.1	Fusobacterium pseudoperiodonticum	Fusobacterium polymorphum	0	0.121798	86.36
GCA_002761955.1	GCA_035320945.1	Fusobacterium pseudoperiodonticum	Fusobacterium polymorphum	0	0.121855	86.35
GCA_000153625.1	GCA_002761955.1	Fusobacterium polymorphum	Fusobacterium pseudoperiodonticum	0	0.122381	86.29
GCA_002761955.1	GCA_016724785.1	Fusobacterium pseudoperiodonticum	Fusobacterium canifelinum	0	0.126240	85.86
GCA_002761955.1	GCA_056823795.1	Fusobacterium pseudoperiodonticum	Fusobacterium animalis	0	0.128388	85.62
GCA_000160475.1	GCA_037900345.1	Fusobacterium periodonticum	Fusobacterium nucleatum	0	0.128520	85.61
GCA_000160475.1	GCA_056333145.1	Fusobacterium periodonticum	Fusobacterium nucleatum	0	0.128533	85.60
GCA_000160475.1	GCA_003019295.1	Fusobacterium periodonticum	Fusobacterium nucleatum	0	0.128547	85.60
GCA_000160475.1	GCA_031191795.1	Fusobacterium periodonticum	Fusobacterium nucleatum	0	0.128560	85.60
GCA_000160475.1	GCA_050920715.1	Fusobacterium periodonticum	Fusobacterium nucleatum	0	0.128560	85.60
GCA_000160475.1	GCA_055694045.1	Fusobacterium periodonticum	Fusobacterium abscessus	0	0.128639	85.59
GCA_000160475.1	GCA_964642115.1	Fusobacterium periodonticum	Fusobacterium nucleatum	0	0.128639	85.59
GCA_000160475.1	GCA_000279975.1	Fusobacterium periodonticum	Fusobacterium vincentii	0	0.131246	85.30
GCA_000160475.1	GCA_900450795.1	Fusobacterium periodonticum	Fusobacterium vincentii	0	0.131400	85.28
GCA_000160475.1	GCA_049381025.1	Fusobacterium periodonticum	Fusobacterium watanabei	0	0.131840	85.23
GCA_000160475.1	GCA_965217535.1	Fusobacterium periodonticum	Fusobacterium watanabei	0	0.131840	85.23
GCA_000160475.1	GCA_056823795.1	Fusobacterium periodonticum	Fusobacterium animalis	0	0.132040	85.21
GCA_000160475.1	GCA_000182945.1	Fusobacterium periodonticum	Fusobacterium vincentii	0	0.133390	85.06
GCA_002761955.1	GCA_031191795.1	Fusobacterium pseudoperiodonticum	Fusobacterium nucleatum	0	0.133479	85.05
GCA_002761955.1	GCA_037900345.1	Fusobacterium pseudoperiodonticum	Fusobacterium nucleatum	0	0.133479	85.05
GCA_002761955.1	GCA_050920715.1	Fusobacterium pseudoperiodonticum	Fusobacterium nucleatum	0	0.133479	85.05
GCA_002761955.1	GCA_056333145.1	Fusobacterium pseudoperiodonticum	Fusobacterium nucleatum	0	0.133479	85.05
GCA_002761955.1	GCA_964642115.1	Fusobacterium pseudoperiodonticum	Fusobacterium nucleatum	0	0.133479	85.05
GCA_002761955.1	GCA_003019295.1	Fusobacterium pseudoperiodonticum	Fusobacterium nucleatum	0	0.133493	85.05
GCA_002761955.1	GCA_055694045.1	Fusobacterium pseudoperiodonticum	Fusobacterium abscessus	0	0.134058	84.99
GCA_002761955.1	GCA_900450795.1	Fusobacterium pseudoperiodonticum	Fusobacterium vincentii	0	0.134920	84.89
GCA_000279975.1	GCA_002761955.1	Fusobacterium vincentii	Fusobacterium pseudoperiodonticum	0	0.135829	84.79
GCA_000160475.1	GCA_965278035.1	Fusobacterium periodonticum	Fusobacterium paranimalis	0	0.136219	84.74
GCA_002761955.1	GCA_049381025.1	Fusobacterium pseudoperiodonticum	Fusobacterium watanabei	0	0.137348	84.62
GCA_002761955.1	GCA_965217535.1	Fusobacterium pseudoperiodonticum	Fusobacterium watanabei	0	0.137348	84.62
GCA_002761955.1	GCA_965278035.1	Fusobacterium pseudoperiodonticum	Fusobacterium paranimalis	0	0.138988	84.43
GCA_000182945.1	GCA_002761955.1	Fusobacterium vincentii	Fusobacterium pseudoperiodonticum	0	0.139205	84.41
GCA_002761955.1	GCA_026089295.1	Fusobacterium pseudoperiodonticum	Fusobacterium simiae	0	0.144184	83.85
GCA_000160475.1	GCA_026089295.1	Fusobacterium periodonticum	Fusobacterium simiae	0	0.144523	83.81
GCA_000292935.1	GCA_900095705.1	Fusobacterium hwasookii	Fusobacterium massiliense	0	0.154905	82.65
GCA_014217355.1	GCA_900095705.1	Fusobacterium hwasookii	Fusobacterium massiliense	0	0.155190	82.62
GCA_000182945.1	GCA_900095705.1	Fusobacterium vincentii	Fusobacterium massiliense	0	0.156939	82.42
GCA_001457555.1	GCA_900095705.1	Fusobacterium polymorphum	Fusobacterium massiliense	0	0.157138	82.40
GCA_035320945.1	GCA_900095705.1	Fusobacterium polymorphum	Fusobacterium massiliense	0	0.157138	82.40
GCA_037900625.1	GCA_900095705.1	Fusobacterium polymorphum	Fusobacterium massiliense	0	0.157138	82.40
GCA_050920725.1	GCA_900095705.1	Fusobacterium polymorphum	Fusobacterium massiliense	0	0.157138	82.40
GCA_003019695.1	GCA_008801775.1	Fusobacterium gonidiaformans	Fusobacterium necrophorum	0	0.157563	82.35
GCA_000262225.1	GCA_003019695.1	Fusobacterium necrophorum	Fusobacterium gonidiaformans	0	0.158169	82.29
GCA_000153625.1	GCA_900095705.1	Fusobacterium polymorphum	Fusobacterium massiliense	0	0.158220	82.28
GCA_000158835.2	GCA_008801775.1	Fusobacterium gonidiaformans	Fusobacterium necrophorum	0	0.159880	82.09
GCA_000158835.2	GCA_000262225.1	Fusobacterium gonidiaformans	Fusobacterium necrophorum	0	0.160331	82.04
GCA_900095705.1	GCA_964642115.1	Fusobacterium massiliense	Fusobacterium nucleatum	0	0.160411	82.03
GCA_037900345.1	GCA_900095705.1	Fusobacterium nucleatum	Fusobacterium massiliense	0	0.160545	82.02
GCA_056333145.1	GCA_900095705.1	Fusobacterium nucleatum	Fusobacterium massiliense	0	0.160545	82.02
GCA_003019295.1	GCA_900095705.1	Fusobacterium nucleatum	Fusobacterium massiliense	0	0.160572	82.02
GCA_031191795.1	GCA_900095705.1	Fusobacterium nucleatum	Fusobacterium massiliense	0	0.160598	82.01
GCA_050920715.1	GCA_900095705.1	Fusobacterium nucleatum	Fusobacterium massiliense	0	0.160598	82.01
GCA_002761955.1	GCA_900095705.1	Fusobacterium pseudoperiodonticum	Fusobacterium massiliense	0	0.161030	81.96
GCA_000160475.1	GCA_900095705.1	Fusobacterium periodonticum	Fusobacterium massiliense	0	0.162711	81.78
GCA_900095705.1	GCA_965278035.1	Fusobacterium massiliense	Fusobacterium paranimalis	0	0.162796	81.77
GCA_055694045.1	GCA_900095705.1	Fusobacterium abscessus	Fusobacterium massiliense	0	0.163504	81.69
GCA_016724785.1	GCA_900095705.1	Fusobacterium canifelinum	Fusobacterium massiliense	0	0.163705	81.67
GCA_003019695.1	GCA_900104395.1	Fusobacterium gonidiaformans	Fusobacterium necrophorum	0	0.163877	81.65
GCA_049381025.1	GCA_900095705.1	Fusobacterium watanabei	Fusobacterium massiliense	0	0.164750	81.55
GCA_900095705.1	GCA_965217535.1	Fusobacterium massiliense	Fusobacterium watanabei	0	0.164750	81.55
GCA_000158835.2	GCA_900104395.1	Fusobacterium gonidiaformans	Fusobacterium necrophorum	0	0.165311	81.49
GCA_056823795.1	GCA_900095705.1	Fusobacterium animalis	Fusobacterium massiliense	0	0.165969	81.41
GCA_000279975.1	GCA_900095705.1	Fusobacterium vincentii	Fusobacterium massiliense	0	0.167532	81.24
GCA_900095705.1	GCA_900450795.1	Fusobacterium massiliense	Fusobacterium vincentii	0	0.168700	81.11
GCA_026089295.1	GCA_900095705.1	Fusobacterium simiae	Fusobacterium massiliense	0	0.175803	80.31
GCA_000381725.1	GCA_900095285.1	Fusobacterium russii	Fusobacterium gastrosuis	0	0.186059	79.16
GCA_000381725.1	GCA_016724785.1	Fusobacterium russii	Fusobacterium canifelinum	0	0.201879	77.39
GCA_900095285.1	GCA_900095705.1	Fusobacterium gastrosuis	Fusobacterium massiliense	0	0.203267	77.23
GCA_055694045.1	GCA_900095285.1	Fusobacterium abscessus	Fusobacterium gastrosuis	0	0.205817	76.95
GCA_014337255.1	GCA_900450765.1	Fusobacterium hominis	Fusobacterium necrogenes	0	0.206315	76.89
GCA_000279975.1	GCA_900095285.1	Fusobacterium vincentii	Fusobacterium gastrosuis	0	0.206530	76.87
GCA_014217355.1	GCA_900095285.1	Fusobacterium hwasookii	Fusobacterium gastrosuis	0	0.206602	76.86
GCA_000292935.1	GCA_900095285.1	Fusobacterium hwasookii	Fusobacterium gastrosuis	0	0.206674	76.85
GCA_016724785.1	GCA_900095285.1	Fusobacterium canifelinum	Fusobacterium gastrosuis	0	0.206963	76.82
GCA_035320945.1	GCA_900095285.1	Fusobacterium polymorphum	Fusobacterium gastrosuis	0	0.207109	76.80
GCA_001457555.1	GCA_900095285.1	Fusobacterium polymorphum	Fusobacterium gastrosuis	0	0.207182	76.80
GCA_037900625.1	GCA_900095285.1	Fusobacterium polymorphum	Fusobacterium gastrosuis	0	0.207182	76.80
GCA_050920725.1	GCA_900095285.1	Fusobacterium polymorphum	Fusobacterium gastrosuis	0	0.207182	76.80
GCA_900095285.1	GCA_900450795.1	Fusobacterium gastrosuis	Fusobacterium vincentii	0	0.207990	76.71
GCA_003019295.1	GCA_900095285.1	Fusobacterium nucleatum	Fusobacterium gastrosuis	0	0.208663	76.63
GCA_031191795.1	GCA_900095285.1	Fusobacterium nucleatum	Fusobacterium gastrosuis	0	0.208663	76.63
GCA_037900345.1	GCA_900095285.1	Fusobacterium nucleatum	Fusobacterium gastrosuis	0	0.208663	76.63
GCA_050920715.1	GCA_900095285.1	Fusobacterium nucleatum	Fusobacterium gastrosuis	0	0.208663	76.63
GCA_056333145.1	GCA_900095285.1	Fusobacterium nucleatum	Fusobacterium gastrosuis	0	0.208663	76.63
GCA_900095285.1	GCA_964642115.1	Fusobacterium gastrosuis	Fusobacterium nucleatum	0	0.208738	76.62
GCA_049381025.1	GCA_900095285.1	Fusobacterium watanabei	Fusobacterium gastrosuis	0	0.208813	76.61
GCA_900095285.1	GCA_965217535.1	Fusobacterium gastrosuis	Fusobacterium watanabei	0	0.208813	76.61
GCA_000381725.1	GCA_900450795.1	Fusobacterium russii	Fusobacterium vincentii	0	0.209574	76.53
GCA_000381725.1	GCA_964642115.1	Fusobacterium russii	Fusobacterium nucleatum	0	0.209651	76.52
GCA_000153625.1	GCA_900095285.1	Fusobacterium polymorphum	Fusobacterium gastrosuis	0	0.209882	76.49
GCA_000381725.1	GCA_003019295.1	Fusobacterium russii	Fusobacterium nucleatum	0	0.209959	76.48
GCA_000381725.1	GCA_055694045.1	Fusobacterium russii	Fusobacterium abscessus	0	0.209959	76.48
GCA_000381725.1	GCA_037900345.1	Fusobacterium russii	Fusobacterium nucleatum	0	0.210037	76.48
GCA_000381725.1	GCA_031191795.1	Fusobacterium russii	Fusobacterium nucleatum	0	0.210114	76.47
GCA_000381725.1	GCA_050920715.1	Fusobacterium russii	Fusobacterium nucleatum	0	0.210114	76.47
GCA_000381725.1	GCA_056333145.1	Fusobacterium russii	Fusobacterium nucleatum	0	0.210114	76.47
GCA_026089295.1	GCA_900095285.1	Fusobacterium simiae	Fusobacterium gastrosuis	0	0.210504	76.42
GCA_056823795.1	GCA_900095285.1	Fusobacterium animalis	Fusobacterium gastrosuis	0	0.210897	76.38
GCA_000381725.1	GCA_049381025.1	Fusobacterium russii	Fusobacterium watanabei	0	0.210976	76.37
GCA_000381725.1	GCA_965217535.1	Fusobacterium russii	Fusobacterium watanabei	0	0.210976	76.37
GCA_000182945.1	GCA_900095285.1	Fusobacterium vincentii	Fusobacterium gastrosuis	0	0.211055	76.36
GCA_000292935.1	GCA_000381725.1	Fusobacterium hwasookii	Fusobacterium russii	0	0.211532	76.31
GCA_000381725.1	GCA_014217355.1	Fusobacterium russii	Fusobacterium hwasookii	0	0.211853	76.27
GCA_000381725.1	GCA_035320945.1	Fusobacterium russii	Fusobacterium polymorphum	0	0.212829	76.16
GCA_000381725.1	GCA_001457555.1	Fusobacterium russii	Fusobacterium polymorphum	0	0.212912	76.15
GCA_000381725.1	GCA_037900625.1	Fusobacterium russii	Fusobacterium polymorphum	0	0.212912	76.15
GCA_000381725.1	GCA_050920725.1	Fusobacterium russii	Fusobacterium polymorphum	0	0.212994	76.14
GCA_000153625.1	GCA_000381725.1	Fusobacterium polymorphum	Fusobacterium russii	0	0.213242	76.12
GCA_900095285.1	GCA_965278035.1	Fusobacterium gastrosuis	Fusobacterium paranimalis	0	0.213742	76.06
GCA_000381725.1	GCA_900095705.1	Fusobacterium russii	Fusobacterium massiliense	0	0.213994	76.03
GCA_000279975.1	GCA_000381725.1	Fusobacterium vincentii	Fusobacterium russii	0	0.214079	76.02
GCA_002761955.1	GCA_900095285.1	Fusobacterium pseudoperiodonticum	Fusobacterium gastrosuis	0	0.214673	75.96
GCA_000381725.1	GCA_965278035.1	Fusobacterium russii	Fusobacterium paranimalis	0	0.215536	75.86
GCA_002761955.1	GCA_014337255.1	Fusobacterium pseudoperiodonticum	Fusobacterium hominis	0	0.215973	75.81
GCA_000381725.1	GCA_056823795.1	Fusobacterium russii	Fusobacterium animalis	0	0.215973	75.81
GCA_000182945.1	GCA_000381725.1	Fusobacterium vincentii	Fusobacterium russii	0	0.216503	75.75
GCA_000381725.1	GCA_026089295.1	Fusobacterium russii	Fusobacterium simiae	0	0.217491	75.64
GCA_000160475.1	GCA_900095285.1	Fusobacterium periodonticum	Fusobacterium gastrosuis	0	0.218039	75.58
GCA_000160475.1	GCA_000381725.1	Fusobacterium periodonticum	Fusobacterium russii	0	0.219816	75.38
GCA_000381725.1	GCA_002761955.1	Fusobacterium russii	Fusobacterium pseudoperiodonticum	0	0.222464	75.08
GCA_900450765.1	GCA_900637705.1	Fusobacterium necrogenes	Fusobacterium varium	0	0.224315	74.88
GCA_014337255.1	GCA_900637705.1	Fusobacterium hominis	Fusobacterium varium	0	0.228478	74.41
GCA_000158315.2	GCA_014337255.1	Fusobacterium ulcerans	Fusobacterium hominis	0	0.232668	73.94
GCA_003019675.1	GCA_014337255.1	Fusobacterium ulcerans	Fusobacterium hominis	0	0.232668	73.94
GCA_000158315.2	GCA_900450765.1	Fusobacterium ulcerans	Fusobacterium necrogenes	0	0.232919	73.91
GCA_003019675.1	GCA_900450765.1	Fusobacterium ulcerans	Fusobacterium necrogenes	0	0.232919	73.91
GCA_000622245.1	GCA_900450765.1	Fusobacterium perfoetens	Fusobacterium necrogenes	0	0.245208	72.54
GCA_014337255.1	GCA_900095285.1	Fusobacterium hominis	Fusobacterium gastrosuis	0	0.245865	72.46
GCA_003019695.1	GCA_964642115.1	Fusobacterium gonidiaformans	Fusobacterium nucleatum	0	0.246531	72.39
GCA_003019295.1	GCA_003019695.1	Fusobacterium nucleatum	Fusobacterium gonidiaformans	0	0.246699	72.37
GCA_003019695.1	GCA_031191795.1	Fusobacterium gonidiaformans	Fusobacterium nucleatum	0	0.246699	72.37
GCA_003019695.1	GCA_037900345.1	Fusobacterium gonidiaformans	Fusobacterium nucleatum	0	0.246699	72.37
GCA_003019695.1	GCA_050920715.1	Fusobacterium gonidiaformans	Fusobacterium nucleatum	0	0.246699	72.37
GCA_003019695.1	GCA_056333145.1	Fusobacterium gonidiaformans	Fusobacterium nucleatum	0	0.246699	72.37
GCA_000622245.1	GCA_014337255.1	Fusobacterium perfoetens	Fusobacterium hominis	0	0.247207	72.31
GCA_003019695.1	GCA_049381025.1	Fusobacterium gonidiaformans	Fusobacterium watanabei	0	0.247721	72.26
GCA_003019695.1	GCA_965217535.1	Fusobacterium gonidiaformans	Fusobacterium watanabei	0	0.247721	72.26
GCA_003019695.1	GCA_055694045.1	Fusobacterium gonidiaformans	Fusobacterium abscessus	0	0.247893	72.24
GCA_003019695.1	GCA_900095705.1	Fusobacterium gonidiaformans	Fusobacterium massiliense	0	0.248941	72.12
GCA_014337255.1	GCA_900095705.1	Fusobacterium hominis	Fusobacterium massiliense	0	0.248941	72.12
GCA_003019695.1	GCA_016724785.1	Fusobacterium gonidiaformans	Fusobacterium canifelinum	0	0.250012	72.00
GCA_000622245.1	GCA_900637705.1	Fusobacterium perfoetens	Fusobacterium varium	0	0.251108	71.88
GCA_000279975.1	GCA_003019695.1	Fusobacterium vincentii	Fusobacterium gonidiaformans	0	0.252610	71.71
GCA_000158835.2	GCA_003019295.1	Fusobacterium gonidiaformans	Fusobacterium nucleatum	0	0.253186	71.64
GCA_000158835.2	GCA_031191795.1	Fusobacterium gonidiaformans	Fusobacterium nucleatum	0	0.253186	71.64
GCA_000158835.2	GCA_037900345.1	Fusobacterium gonidiaformans	Fusobacterium nucleatum	0	0.253186	71.64
GCA_000158835.2	GCA_050920715.1	Fusobacterium gonidiaformans	Fusobacterium nucleatum	0	0.253186	71.64
GCA_000158835.2	GCA_056333145.1	Fusobacterium gonidiaformans	Fusobacterium nucleatum	0	0.253186	71.64
GCA_000158835.2	GCA_964642115.1	Fusobacterium gonidiaformans	Fusobacterium nucleatum	0	0.253186	71.64
GCA_014337255.1	GCA_049381025.1	Fusobacterium hominis	Fusobacterium watanabei	0	0.253769	71.58
GCA_014337255.1	GCA_965217535.1	Fusobacterium hominis	Fusobacterium watanabei	0	0.253769	71.58
GCA_056823795.1	GCA_900104395.1	Fusobacterium animalis	Fusobacterium necrophorum	0	0.253965	71.56
GCA_003019695.1	GCA_900450795.1	Fusobacterium gonidiaformans	Fusobacterium vincentii	0	0.253965	71.56
GCA_000279975.1	GCA_014337255.1	Fusobacterium vincentii	Fusobacterium hominis	0	0.254161	71.53
GCA_014337255.1	GCA_056333145.1	Fusobacterium hominis	Fusobacterium nucleatum	0	0.254161	71.53
GCA_900095705.1	GCA_900637705.1	Fusobacterium massiliense	Fusobacterium varium	0	0.254161	71.53
GCA_003019295.1	GCA_014337255.1	Fusobacterium nucleatum	Fusobacterium hominis	0	0.254359	71.51
GCA_014337255.1	GCA_031191795.1	Fusobacterium hominis	Fusobacterium nucleatum	0	0.254557	71.49
GCA_014337255.1	GCA_037900345.1	Fusobacterium hominis	Fusobacterium nucleatum	0	0.254557	71.49
GCA_014337255.1	GCA_050920715.1	Fusobacterium hominis	Fusobacterium nucleatum	0	0.254557	71.49
GCA_000158835.2	GCA_055694045.1	Fusobacterium gonidiaformans	Fusobacterium abscessus	0	0.254557	71.49
GCA_000158835.2	GCA_049381025.1	Fusobacterium gonidiaformans	Fusobacterium watanabei	0	0.254756	71.47
GCA_014337255.1	GCA_964642115.1	Fusobacterium hominis	Fusobacterium nucleatum	0	0.254756	71.47
GCA_000158835.2	GCA_965217535.1	Fusobacterium gonidiaformans	Fusobacterium watanabei	0	0.254756	71.47
GCA_001457555.1	GCA_003019695.1	Fusobacterium polymorphum	Fusobacterium gonidiaformans	0	0.254956	71.44
GCA_003019695.1	GCA_035320945.1	Fusobacterium gonidiaformans	Fusobacterium polymorphum	0	0.254956	71.44
GCA_003019695.1	GCA_037900625.1	Fusobacterium gonidiaformans	Fusobacterium polymorphum	0	0.254956	71.44
GCA_003019695.1	GCA_050920725.1	Fusobacterium gonidiaformans	Fusobacterium polymorphum	0	0.254956	71.44
GCA_000622245.1	GCA_055694045.1	Fusobacterium perfoetens	Fusobacterium abscessus	0	0.255157	71.42
GCA_003019695.1	GCA_900095285.1	Fusobacterium gonidiaformans	Fusobacterium gastrosuis	0	0.255359	71.40
GCA_900095705.1	GCA_900450765.1	Fusobacterium massiliense	Fusobacterium necrogenes	0	0.255562	71.38
GCA_003019695.1	GCA_965278035.1	Fusobacterium gonidiaformans	Fusobacterium paranimalis	0	0.255562	71.38
GCA_001457555.1	GCA_014337255.1	Fusobacterium polymorphum	Fusobacterium hominis	0	0.255765	71.35
GCA_014337255.1	GCA_035320945.1	Fusobacterium hominis	Fusobacterium polymorphum	0	0.255765	71.35
GCA_014337255.1	GCA_037900625.1	Fusobacterium hominis	Fusobacterium polymorphum	0	0.255765	71.35
GCA_014337255.1	GCA_050920725.1	Fusobacterium hominis	Fusobacterium polymorphum	0	0.255765	71.35
GCA_014217355.1	GCA_014337255.1	Fusobacterium hwasookii	Fusobacterium hominis	0	0.255969	71.33
GCA_000292935.1	GCA_014337255.1	Fusobacterium hwasookii	Fusobacterium hominis	0	0.256175	71.31
GCA_000622245.1	GCA_016724785.1	Fusobacterium perfoetens	Fusobacterium canifelinum	0	0.256381	71.29
GCA_014337255.1	GCA_016724785.1	Fusobacterium hominis	Fusobacterium canifelinum	0	0.256381	71.29
GCA_003019695.1	GCA_056823795.1	Fusobacterium gonidiaformans	Fusobacterium animalis	0	0.256381	71.29
GCA_014337255.1	GCA_900450795.1	Fusobacterium hominis	Fusobacterium vincentii	0	0.256381	71.29
GCA_003019695.1	GCA_014217355.1	Fusobacterium gonidiaformans	Fusobacterium hwasookii	0	0.256796	71.24
GCA_000292935.1	GCA_003019695.1	Fusobacterium hwasookii	Fusobacterium gonidiaformans	0	0.257005	71.22
GCA_014337255.1	GCA_055694045.1	Fusobacterium hominis	Fusobacterium abscessus	0	0.257005	71.22
GCA_000279975.1	GCA_000622245.1	Fusobacterium vincentii	Fusobacterium perfoetens	0	0.257214	71.19
GCA_000292935.1	GCA_000622245.1	Fusobacterium hwasookii	Fusobacterium perfoetens	0	0.257214	71.19
GCA_000622245.1	GCA_014217355.1	Fusobacterium perfoetens	Fusobacterium hwasookii	0	0.257425	71.17
GCA_000158835.2	GCA_016724785.1	Fusobacterium gonidiaformans	Fusobacterium canifelinum	0	0.257425	71.17
GCA_000622245.1	GCA_049381025.1	Fusobacterium perfoetens	Fusobacterium watanabei	0	0.257425	71.17
GCA_000622245.1	GCA_900095705.1	Fusobacterium perfoetens	Fusobacterium massiliense	0	0.257425	71.17
GCA_000622245.1	GCA_965217535.1	Fusobacterium perfoetens	Fusobacterium watanabei	0	0.257425	71.17
GCA_000182945.1	GCA_003019695.1	Fusobacterium vincentii	Fusobacterium gonidiaformans	0	0.257637	71.14
GCA_000622245.1	GCA_900450795.1	Fusobacterium perfoetens	Fusobacterium vincentii	0	0.257849	71.12
GCA_900095285.1	GCA_900450765.1	Fusobacterium gastrosuis	Fusobacterium necrogenes	0	0.258063	71.10
GCA_000182945.1	GCA_014337255.1	Fusobacterium vincentii	Fusobacterium hominis	0	0.258493	71.05
GCA_000158835.2	GCA_900095705.1	Fusobacterium gonidiaformans	Fusobacterium massiliense	0	0.259585	70.93
GCA_000158315.2	GCA_000622245.1	Fusobacterium ulcerans	Fusobacterium perfoetens	0	0.259807	70.90
GCA_000622245.1	GCA_003019675.1	Fusobacterium perfoetens	Fusobacterium ulcerans	0	0.259807	70.90
GCA_000153625.1	GCA_003019695.1	Fusobacterium polymorphum	Fusobacterium gonidiaformans	0	0.259807	70.90
GCA_000622245.1	GCA_002761955.1	Fusobacterium perfoetens	Fusobacterium pseudoperiodonticum	0	0.260029	70.88
GCA_049381025.1	GCA_900450765.1	Fusobacterium watanabei	Fusobacterium necrogenes	0	0.260029	70.88
GCA_900450765.1	GCA_965217535.1	Fusobacterium necrogenes	Fusobacterium watanabei	0	0.260029	70.88
GCA_000153625.1	GCA_014337255.1	Fusobacterium polymorphum	Fusobacterium hominis	0	0.260253	70.85
GCA_000160475.1	GCA_014337255.1	Fusobacterium periodonticum	Fusobacterium hominis	0	0.260253	70.85
GCA_000158835.2	GCA_000279975.1	Fusobacterium gonidiaformans	Fusobacterium vincentii	0	0.260478	70.83
GCA_002761955.1	GCA_003019695.1	Fusobacterium pseudoperiodonticum	Fusobacterium gonidiaformans	0	0.260478	70.83
GCA_000160475.1	GCA_003019695.1	Fusobacterium periodonticum	Fusobacterium gonidiaformans	0	0.260703	70.80
GCA_000622245.1	GCA_900095285.1	Fusobacterium perfoetens	Fusobacterium gastrosuis	0	0.260703	70.80
GCA_000292935.1	GCA_900637705.1	Fusobacterium hwasookii	Fusobacterium varium	0	0.260930	70.78
GCA_000182945.1	GCA_000622245.1	Fusobacterium vincentii	Fusobacterium perfoetens	0	0.261158	70.75
GCA_014217355.1	GCA_900637705.1	Fusobacterium hwasookii	Fusobacterium varium	0	0.261158	70.75
GCA_014337255.1	GCA_965278035.1	Fusobacterium hominis	Fusobacterium paranimalis	0	0.261158	70.75
GCA_000158835.2	GCA_900450795.1	Fusobacterium gonidiaformans	Fusobacterium vincentii	0	0.261387	70.72
GCA_000622245.1	GCA_056823795.1	Fusobacterium perfoetens	Fusobacterium animalis	0	0.261617	70.70
GCA_000622245.1	GCA_056333145.1	Fusobacterium perfoetens	Fusobacterium nucleatum	0	0.262081	70.65
GCA_014337255.1	GCA_056823795.1	Fusobacterium hominis	Fusobacterium animalis	0	0.262314	70.62
GCA_000622245.1	GCA_964642115.1	Fusobacterium perfoetens	Fusobacterium nucleatum	0	0.262314	70.62
GCA_000622245.1	GCA_003019295.1	Fusobacterium perfoetens	Fusobacterium nucleatum	0	0.262549	70.59
GCA_000622245.1	GCA_031191795.1	Fusobacterium perfoetens	Fusobacterium nucleatum	0	0.262549	70.59
GCA_000622245.1	GCA_037900345.1	Fusobacterium perfoetens	Fusobacterium nucleatum	0	0.262549	70.59
GCA_000622245.1	GCA_050920715.1	Fusobacterium perfoetens	Fusobacterium nucleatum	0	0.262549	70.59
GCA_000279975.1	GCA_900450765.1	Fusobacterium vincentii	Fusobacterium necrogenes	0	0.262549	70.59
GCA_900095285.1	GCA_900637705.1	Fusobacterium gastrosuis	Fusobacterium varium	0	0.262549	70.59
GCA_000158835.2	GCA_965278035.1	Fusobacterium gonidiaformans	Fusobacterium paranimalis	0	0.262549	70.59
GCA_000153625.1	GCA_000158835.2	Fusobacterium polymorphum	Fusobacterium gonidiaformans	0	0.262785	70.57
GCA_000158835.2	GCA_001457555.1	Fusobacterium gonidiaformans	Fusobacterium polymorphum	0	0.262785	70.57
GCA_000622245.1	GCA_001457555.1	Fusobacterium perfoetens	Fusobacterium polymorphum	0	0.262785	70.57
GCA_000158835.2	GCA_035320945.1	Fusobacterium gonidiaformans	Fusobacterium polymorphum	0	0.262785	70.57
GCA_000622245.1	GCA_035320945.1	Fusobacterium perfoetens	Fusobacterium polymorphum	0	0.262785	70.57
GCA_000622245.1	GCA_037900625.1	Fusobacterium perfoetens	Fusobacterium polymorphum	0	0.262785	70.57
GCA_000158835.2	GCA_050920725.1	Fusobacterium gonidiaformans	Fusobacterium polymorphum	0	0.262785	70.57
GCA_000622245.1	GCA_050920725.1	Fusobacterium perfoetens	Fusobacterium polymorphum	0	0.262785	70.57
GCA_055694045.1	GCA_900450765.1	Fusobacterium abscessus	Fusobacterium necrogenes	0	0.262785	70.57
GCA_000158835.2	GCA_037900625.1	Fusobacterium gonidiaformans	Fusobacterium polymorphum	0	0.263022	70.54
GCA_000622245.1	GCA_965278035.1	Fusobacterium perfoetens	Fusobacterium paranimalis	0	0.263022	70.54
GCA_003019695.1	GCA_014337255.1	Fusobacterium gonidiaformans	Fusobacterium hominis	0	0.263499	70.49
GCA_003019695.1	GCA_026089295.1	Fusobacterium gonidiaformans	Fusobacterium simiae	0	0.263499	70.49
GCA_000158835.2	GCA_056823795.1	Fusobacterium gonidiaformans	Fusobacterium animalis	0	0.263499	70.49
GCA_056333145.1	GCA_900637705.1	Fusobacterium nucleatum	Fusobacterium varium	0	0.263499	70.49
GCA_000153625.1	GCA_000622245.1	Fusobacterium polymorphum	Fusobacterium perfoetens	0	0.263740	70.46
GCA_900450765.1	GCA_900450795.1	Fusobacterium necrogenes	Fusobacterium vincentii	0	0.263740	70.46
GCA_000279975.1	GCA_900637705.1	Fusobacterium vincentii	Fusobacterium varium	0	0.263740	70.46
GCA_900637705.1	GCA_964642115.1	Fusobacterium varium	Fusobacterium nucleatum	0	0.263740	70.46
GCA_003019295.1	GCA_900637705.1	Fusobacterium nucleatum	Fusobacterium varium	0	0.263982	70.43
GCA_031191795.1	GCA_900637705.1	Fusobacterium nucleatum	Fusobacterium varium	0	0.263982	70.43
GCA_037900345.1	GCA_900637705.1	Fusobacterium nucleatum	Fusobacterium varium	0	0.263982	70.43
GCA_050920715.1	GCA_900637705.1	Fusobacterium nucleatum	Fusobacterium varium	0	0.263982	70.43
GCA_900450795.1	GCA_900637705.1	Fusobacterium vincentii	Fusobacterium varium	0	0.263982	70.43
GCA_000622245.1	GCA_026089295.1	Fusobacterium perfoetens	Fusobacterium simiae	0	0.264225	70.41
GCA_003019695.1	GCA_900450765.1	Fusobacterium gonidiaformans	Fusobacterium necrogenes	0	0.264225	70.41
GCA_000158835.2	GCA_026089295.1	Fusobacterium gonidiaformans	Fusobacterium simiae	0	0.264469	70.38
GCA_000158835.2	GCA_014217355.1	Fusobacterium gonidiaformans	Fusobacterium hwasookii	0	0.264715	70.35
GCA_055694045.1	GCA_900637705.1	Fusobacterium abscessus	Fusobacterium varium	0	0.264715	70.35
GCA_000158835.2	GCA_900095285.1	Fusobacterium gonidiaformans	Fusobacterium gastrosuis	0	0.264962	70.32
GCA_016724785.1	GCA_900637705.1	Fusobacterium canifelinum	Fusobacterium varium	0	0.264962	70.32
GCA_000182945.1	GCA_900104395.1	Fusobacterium vincentii	Fusobacterium necrophorum	0	0.265210	70.30
GCA_026089295.1	GCA_900104395.1	Fusobacterium simiae	Fusobacterium necrophorum	0	0.265210	70.30
GCA_000182945.1	GCA_900637705.1	Fusobacterium vincentii	Fusobacterium varium	0	0.265210	70.30
GCA_000158835.2	GCA_000292935.1	Fusobacterium gonidiaformans	Fusobacterium hwasookii	0	0.265460	70.27
GCA_900450765.1	GCA_964642115.1	Fusobacterium necrogenes	Fusobacterium nucleatum	0	0.265460	70.27
GCA_000158835.2	GCA_000182945.1	Fusobacterium gonidiaformans	Fusobacterium vincentii	0	0.265710	70.24
GCA_056333145.1	GCA_900450765.1	Fusobacterium nucleatum	Fusobacterium necrogenes	0	0.265710	70.24
GCA_001457555.1	GCA_900637705.1	Fusobacterium polymorphum	Fusobacterium varium	0	0.265710	70.24
GCA_035320945.1	GCA_900637705.1	Fusobacterium polymorphum	Fusobacterium varium	0	0.265710	70.24
GCA_037900625.1	GCA_900637705.1	Fusobacterium polymorphum	Fusobacterium varium	0	0.265710	70.24
GCA_001457555.1	GCA_900104395.1	Fusobacterium polymorphum	Fusobacterium necrophorum	0	0.265963	70.21
GCA_035320945.1	GCA_900104395.1	Fusobacterium polymorphum	Fusobacterium necrophorum	0	0.265963	70.21
GCA_037900625.1	GCA_900104395.1	Fusobacterium polymorphum	Fusobacterium necrophorum	0	0.265963	70.21
GCA_050920725.1	GCA_900104395.1	Fusobacterium polymorphum	Fusobacterium necrophorum	0	0.265963	70.21
GCA_900095705.1	GCA_900104395.1	Fusobacterium massiliense	Fusobacterium necrophorum	0	0.265963	70.21
GCA_003019295.1	GCA_900450765.1	Fusobacterium nucleatum	Fusobacterium necrogenes	0	0.265963	70.21
GCA_002761955.1	GCA_900637705.1	Fusobacterium pseudoperiodonticum	Fusobacterium varium	0	0.265963	70.21
GCA_900637705.1	GCA_965278035.1	Fusobacterium varium	Fusobacterium paranimalis	0	0.265963	70.21
GCA_031191795.1	GCA_900104395.1	Fusobacterium nucleatum	Fusobacterium necrophorum	0	0.266216	70.18
GCA_050920715.1	GCA_900104395.1	Fusobacterium nucleatum	Fusobacterium necrophorum	0	0.266216	70.18
GCA_002761955.1	GCA_900450765.1	Fusobacterium pseudoperiodonticum	Fusobacterium necrogenes	0	0.266216	70.18
GCA_014217355.1	GCA_900450765.1	Fusobacterium hwasookii	Fusobacterium necrogenes	0	0.266216	70.18
GCA_031191795.1	GCA_900450765.1	Fusobacterium nucleatum	Fusobacterium necrogenes	0	0.266216	70.18
GCA_037900345.1	GCA_900450765.1	Fusobacterium nucleatum	Fusobacterium necrogenes	0	0.266216	70.18
GCA_050920715.1	GCA_900450765.1	Fusobacterium nucleatum	Fusobacterium necrogenes	0	0.266216	70.18
GCA_050920725.1	GCA_900637705.1	Fusobacterium polymorphum	Fusobacterium varium	0	0.266216	70.18
GCA_003019295.1	GCA_900104395.1	Fusobacterium nucleatum	Fusobacterium necrophorum	0	0.266471	70.16
GCA_037900345.1	GCA_900104395.1	Fusobacterium nucleatum	Fusobacterium necrophorum	0	0.266471	70.16
GCA_055694045.1	GCA_900104395.1	Fusobacterium abscessus	Fusobacterium necrophorum	0	0.266471	70.16
GCA_056333145.1	GCA_900104395.1	Fusobacterium nucleatum	Fusobacterium necrophorum	0	0.266471	70.16
GCA_049381025.1	GCA_900637705.1	Fusobacterium watanabei	Fusobacterium varium	0	0.266471	70.16
GCA_900104395.1	GCA_964642115.1	Fusobacterium necrophorum	Fusobacterium nucleatum	0	0.266471	70.16
GCA_900637705.1	GCA_965217535.1	Fusobacterium varium	Fusobacterium watanabei	0	0.266471	70.16
GCA_000160475.1	GCA_900450765.1	Fusobacterium periodonticum	Fusobacterium necrogenes	0	0.266727	70.13
GCA_900104395.1	GCA_965278035.1	Fusobacterium necrophorum	Fusobacterium paranimalis	0	0.266727	70.13
GCA_000158315.2	GCA_900095705.1	Fusobacterium ulcerans	Fusobacterium massiliense	0	0.266985	70.10
GCA_003019675.1	GCA_900095705.1	Fusobacterium ulcerans	Fusobacterium massiliense	0	0.266985	70.10
GCA_000292935.1	GCA_900450765.1	Fusobacterium hwasookii	Fusobacterium necrogenes	0	0.266985	70.10
GCA_056823795.1	GCA_900450765.1	Fusobacterium animalis	Fusobacterium necrogenes	0	0.266985	70.10
GCA_001457555.1	GCA_900450765.1	Fusobacterium polymorphum	Fusobacterium necrogenes	0	0.267244	70.07
GCA_035320945.1	GCA_900450765.1	Fusobacterium polymorphum	Fusobacterium necrogenes	0	0.267244	70.07
GCA_037900625.1	GCA_900450765.1	Fusobacterium polymorphum	Fusobacterium necrogenes	0	0.267244	70.07
GCA_000158315.2	GCA_900450795.1	Fusobacterium ulcerans	Fusobacterium vincentii	0	0.267244	70.07
GCA_003019675.1	GCA_900450795.1	Fusobacterium ulcerans	Fusobacterium vincentii	0	0.267244	70.07
GCA_900450765.1	GCA_965278035.1	Fusobacterium necrogenes	Fusobacterium paranimalis	0	0.267244	70.07
GCA_000160475.1	GCA_000622245.1	Fusobacterium periodonticum	Fusobacterium perfoetens	0	0.267504	70.04
GCA_000153625.1	GCA_900104395.1	Fusobacterium polymorphum	Fusobacterium necrophorum	0	0.267504	70.04
GCA_050920725.1	GCA_900450765.1	Fusobacterium polymorphum	Fusobacterium necrogenes	0	0.267504	70.04
GCA_056823795.1	GCA_900637705.1	Fusobacterium animalis	Fusobacterium varium	0	0.267504	70.04
GCA_000182945.1	GCA_900450765.1	Fusobacterium vincentii	Fusobacterium necrogenes	0	0.267766	70.01
GCA_000160475.1	GCA_900637705.1	Fusobacterium periodonticum	Fusobacterium varium	0	0.268030	69.98
GCA_000158835.2	GCA_000160475.1	Fusobacterium gonidiaformans	Fusobacterium periodonticum	0	0.268294	69.95
GCA_000158315.2	GCA_000279975.1	Fusobacterium ulcerans	Fusobacterium vincentii	0	0.268294	69.95
GCA_000279975.1	GCA_003019675.1	Fusobacterium vincentii	Fusobacterium ulcerans	0	0.268294	69.95
GCA_000158315.2	GCA_002761955.1	Fusobacterium ulcerans	Fusobacterium pseudoperiodonticum	0	0.268561	69.92
GCA_002761955.1	GCA_003019675.1	Fusobacterium pseudoperiodonticum	Fusobacterium ulcerans	0	0.268561	69.92
GCA_003019675.1	GCA_014217355.1	Fusobacterium ulcerans	Fusobacterium hwasookii	0	0.268561	69.92
GCA_000158315.2	GCA_900095285.1	Fusobacterium ulcerans	Fusobacterium gastrosuis	0	0.268561	69.92
GCA_003019675.1	GCA_900095285.1	Fusobacterium ulcerans	Fusobacterium gastrosuis	0	0.268561	69.92
GCA_000381725.1	GCA_003019695.1	Fusobacterium russii	Fusobacterium gonidiaformans	0	0.268828	69.89
GCA_000158315.2	GCA_014217355.1	Fusobacterium ulcerans	Fusobacterium hwasookii	0	0.268828	69.89
GCA_016724785.1	GCA_900104395.1	Fusobacterium canifelinum	Fusobacterium necrophorum	0	0.268828	69.89
GCA_000292935.1	GCA_003019675.1	Fusobacterium hwasookii	Fusobacterium ulcerans	0	0.269369	69.83
GCA_000158315.2	GCA_000292935.1	Fusobacterium ulcerans	Fusobacterium hwasookii	0	0.269641	69.80
GCA_000158315.2	GCA_001457555.1	Fusobacterium ulcerans	Fusobacterium polymorphum	0	0.269641	69.80
GCA_001457555.1	GCA_003019675.1	Fusobacterium polymorphum	Fusobacterium ulcerans	0	0.269641	69.80
GCA_000158315.2	GCA_035320945.1	Fusobacterium ulcerans	Fusobacterium polymorphum	0	0.269641	69.80
GCA_003019675.1	GCA_035320945.1	Fusobacterium ulcerans	Fusobacterium polymorphum	0	0.269641	69.80
GCA_000158315.2	GCA_037900625.1	Fusobacterium ulcerans	Fusobacterium polymorphum	0	0.269641	69.80
GCA_003019675.1	GCA_037900625.1	Fusobacterium ulcerans	Fusobacterium polymorphum	0	0.269641	69.80
GCA_000158315.2	GCA_050920725.1	Fusobacterium ulcerans	Fusobacterium polymorphum	0	0.269641	69.80
GCA_003019675.1	GCA_050920725.1	Fusobacterium ulcerans	Fusobacterium polymorphum	0	0.269641	69.80
GCA_026089295.1	GCA_900637705.1	Fusobacterium simiae	Fusobacterium varium	0	0.269641	69.80
GCA_000158835.2	GCA_002761955.1	Fusobacterium gonidiaformans	Fusobacterium pseudoperiodonticum	0	0.270191	69.74
GCA_014337255.1	GCA_026089295.1	Fusobacterium hominis	Fusobacterium simiae	0	0.270191	69.74
GCA_014217355.1	GCA_900104395.1	Fusobacterium hwasookii	Fusobacterium necrophorum	0	0.270191	69.74
GCA_016724785.1	GCA_900450765.1	Fusobacterium canifelinum	Fusobacterium necrogenes	0	0.270191	69.74
GCA_000292935.1	GCA_900104395.1	Fusobacterium hwasookii	Fusobacterium necrophorum	0	0.270468	69.71
GCA_000158315.2	GCA_016724785.1	Fusobacterium ulcerans	Fusobacterium canifelinum	0	0.270747	69.68
GCA_003019675.1	GCA_016724785.1	Fusobacterium ulcerans	Fusobacterium canifelinum	0	0.270747	69.68
GCA_000153625.1	GCA_900637705.1	Fusobacterium polymorphum	Fusobacterium varium	0	0.270747	69.68
GCA_000158835.2	GCA_000381725.1	Fusobacterium gonidiaformans	Fusobacterium russii	0	0.271027	69.64
GCA_000158315.2	GCA_000182945.1	Fusobacterium ulcerans	Fusobacterium vincentii	0	0.271309	69.61
GCA_000182945.1	GCA_003019675.1	Fusobacterium vincentii	Fusobacterium ulcerans	0	0.271309	69.61
GCA_000158315.2	GCA_055694045.1	Fusobacterium ulcerans	Fusobacterium abscessus	0	0.271593	69.58
GCA_003019675.1	GCA_055694045.1	Fusobacterium ulcerans	Fusobacterium abscessus	0	0.271593	69.58
GCA_003019695.1	GCA_900637705.1	Fusobacterium gonidiaformans	Fusobacterium varium	0	0.271879	69.55
GCA_008801775.1	GCA_900095705.1	Fusobacterium necrophorum	Fusobacterium massiliense	0	0.272455	69.49
GCA_049381025.1	GCA_900104395.1	Fusobacterium watanabei	Fusobacterium necrophorum	0	0.272455	69.49
GCA_900104395.1	GCA_965217535.1	Fusobacterium necrophorum	Fusobacterium watanabei	0	0.272455	69.49
GCA_000158315.2	GCA_049381025.1	Fusobacterium ulcerans	Fusobacterium watanabei	0	0.272746	69.45
GCA_003019675.1	GCA_049381025.1	Fusobacterium ulcerans	Fusobacterium watanabei	0	0.272746	69.45
GCA_000158315.2	GCA_965217535.1	Fusobacterium ulcerans	Fusobacterium watanabei	0	0.272746	69.45
GCA_003019675.1	GCA_965217535.1	Fusobacterium ulcerans	Fusobacterium watanabei	0	0.272746	69.45
GCA_000381725.1	GCA_900104395.1	Fusobacterium russii	Fusobacterium necrophorum	0	0.273038	69.42
GCA_000153625.1	GCA_900450765.1	Fusobacterium polymorphum	Fusobacterium necrogenes	0	0.273038	69.42
GCA_000158315.2	GCA_965278035.1	Fusobacterium ulcerans	Fusobacterium paranimalis	0	0.273038	69.42
GCA_003019675.1	GCA_965278035.1	Fusobacterium ulcerans	Fusobacterium paranimalis	0	0.273038	69.42
GCA_000262225.1	GCA_900095705.1	Fusobacterium necrophorum	Fusobacterium massiliense	0	0.273629	69.35
GCA_000158835.2	GCA_014337255.1	Fusobacterium gonidiaformans	Fusobacterium hominis	0	0.273927	69.32
GCA_000381725.1	GCA_014337255.1	Fusobacterium russii	Fusobacterium hominis	0	0.273927	69.32
GCA_000153625.1	GCA_000158315.2	Fusobacterium polymorphum	Fusobacterium ulcerans	0	0.274529	69.25
GCA_000153625.1	GCA_003019675.1	Fusobacterium polymorphum	Fusobacterium ulcerans	0	0.274529	69.25
GCA_000279975.1	GCA_008801775.1	Fusobacterium vincentii	Fusobacterium necrophorum	0	0.274529	69.25
GCA_000158315.2	GCA_056823795.1	Fusobacterium ulcerans	Fusobacterium animalis	0	0.274529	69.25
GCA_003019675.1	GCA_056823795.1	Fusobacterium ulcerans	Fusobacterium animalis	0	0.274529	69.25
GCA_000158835.2	GCA_900450765.1	Fusobacterium gonidiaformans	Fusobacterium necrogenes	0	0.275138	69.18
GCA_001457555.1	GCA_008801775.1	Fusobacterium polymorphum	Fusobacterium necrophorum	0	0.275446	69.15
GCA_008801775.1	GCA_035320945.1	Fusobacterium necrophorum	Fusobacterium polymorphum	0	0.275446	69.15
GCA_008801775.1	GCA_037900625.1	Fusobacterium necrophorum	Fusobacterium polymorphum	0	0.275446	69.15
GCA_008801775.1	GCA_050920725.1	Fusobacterium necrophorum	Fusobacterium polymorphum	0	0.275446	69.15
GCA_008801775.1	GCA_056823795.1	Fusobacterium necrophorum	Fusobacterium animalis	0	0.275446	69.15
GCA_000262225.1	GCA_000279975.1	Fusobacterium necrophorum	Fusobacterium vincentii	0	0.275756	69.12
GCA_000160475.1	GCA_003019675.1	Fusobacterium periodonticum	Fusobacterium ulcerans	0	0.275756	69.12
GCA_008801775.1	GCA_055694045.1	Fusobacterium necrophorum	Fusobacterium abscessus	0	0.275756	69.12
GCA_000158315.2	GCA_056333145.1	Fusobacterium ulcerans	Fusobacterium nucleatum	0	0.275756	69.12
GCA_003019675.1	GCA_056333145.1	Fusobacterium ulcerans	Fusobacterium nucleatum	0	0.275756	69.12
GCA_000158315.2	GCA_000160475.1	Fusobacterium ulcerans	Fusobacterium periodonticum	0	0.276067	69.08
GCA_008801775.1	GCA_900095285.1	Fusobacterium necrophorum	Fusobacterium gastrosuis	0	0.276067	69.08
GCA_000160475.1	GCA_900104395.1	Fusobacterium periodonticum	Fusobacterium necrophorum	0	0.276067	69.08
GCA_000158315.2	GCA_003019295.1	Fusobacterium ulcerans	Fusobacterium nucleatum	0	0.276381	69.05
GCA_003019295.1	GCA_003019675.1	Fusobacterium nucleatum	Fusobacterium ulcerans	0	0.276381	69.05
GCA_000158315.2	GCA_031191795.1	Fusobacterium ulcerans	Fusobacterium nucleatum	0	0.276381	69.05
GCA_003019675.1	GCA_031191795.1	Fusobacterium ulcerans	Fusobacterium nucleatum	0	0.276381	69.05
GCA_000158315.2	GCA_037900345.1	Fusobacterium ulcerans	Fusobacterium nucleatum	0	0.276381	69.05
GCA_003019675.1	GCA_037900345.1	Fusobacterium ulcerans	Fusobacterium nucleatum	0	0.276381	69.05
GCA_000158315.2	GCA_050920715.1	Fusobacterium ulcerans	Fusobacterium nucleatum	0	0.276381	69.05
GCA_003019675.1	GCA_050920715.1	Fusobacterium ulcerans	Fusobacterium nucleatum	0	0.276381	69.05
GCA_000262225.1	GCA_056823795.1	Fusobacterium necrophorum	Fusobacterium animalis	0	0.276381	69.05
GCA_000158315.2	GCA_964642115.1	Fusobacterium ulcerans	Fusobacterium nucleatum	0	0.276381	69.05
GCA_003019675.1	GCA_964642115.1	Fusobacterium ulcerans	Fusobacterium nucleatum	0	0.276381	69.05
GCA_008801775.1	GCA_964642115.1	Fusobacterium necrophorum	Fusobacterium nucleatum	0	0.276381	69.05
GCA_000262225.1	GCA_001457555.1	Fusobacterium necrophorum	Fusobacterium polymorphum	0	0.276697	69.01
GCA_000262225.1	GCA_035320945.1	Fusobacterium necrophorum	Fusobacterium polymorphum	0	0.276697	69.01
GCA_000262225.1	GCA_037900625.1	Fusobacterium necrophorum	Fusobacterium polymorphum	0	0.276697	69.01
GCA_000262225.1	GCA_050920725.1	Fusobacterium necrophorum	Fusobacterium polymorphum	0	0.276697	69.01
GCA_000381725.1	GCA_000622245.1	Fusobacterium russii	Fusobacterium perfoetens	0	0.277015	68.97
GCA_003019295.1	GCA_008801775.1	Fusobacterium nucleatum	Fusobacterium necrophorum	0	0.277015	68.97
GCA_008801775.1	GCA_031191795.1	Fusobacterium necrophorum	Fusobacterium nucleatum	0	0.277015	68.97
GCA_008801775.1	GCA_037900345.1	Fusobacterium necrophorum	Fusobacterium nucleatum	0	0.277015	68.97
GCA_008801775.1	GCA_050920715.1	Fusobacterium necrophorum	Fusobacterium nucleatum	0	0.277015	68.97
GCA_000262225.1	GCA_055694045.1	Fusobacterium necrophorum	Fusobacterium abscessus	0	0.277015	68.97
GCA_008801775.1	GCA_056333145.1	Fusobacterium necrophorum	Fusobacterium nucleatum	0	0.277015	68.97
GCA_000262225.1	GCA_900095285.1	Fusobacterium necrophorum	Fusobacterium gastrosuis	0	0.277015	68.97
GCA_008801775.1	GCA_900450795.1	Fusobacterium necrophorum	Fusobacterium vincentii	0	0.277015	68.97
GCA_000292935.1	GCA_008801775.1	Fusobacterium hwasookii	Fusobacterium necrophorum	0	0.277335	68.94
GCA_008801775.1	GCA_014217355.1	Fusobacterium necrophorum	Fusobacterium hwasookii	0	0.277335	68.94
GCA_900104395.1	GCA_900450795.1	Fusobacterium necrophorum	Fusobacterium vincentii	0	0.277335	68.94
GCA_000182945.1	GCA_008801775.1	Fusobacterium vincentii	Fusobacterium necrophorum	0	0.277658	68.90
GCA_000381725.1	GCA_900450765.1	Fusobacterium russii	Fusobacterium necrogenes	0	0.277658	68.90
GCA_000262225.1	GCA_964642115.1	Fusobacterium necrophorum	Fusobacterium nucleatum	0	0.277658	68.90
GCA_000262225.1	GCA_003019295.1	Fusobacterium necrophorum	Fusobacterium nucleatum	0	0.277982	68.87
GCA_000622245.1	GCA_003019695.1	Fusobacterium perfoetens	Fusobacterium gonidiaformans	0	0.277982	68.87
GCA_000262225.1	GCA_031191795.1	Fusobacterium necrophorum	Fusobacterium nucleatum	0	0.277982	68.87
GCA_000262225.1	GCA_037900345.1	Fusobacterium necrophorum	Fusobacterium nucleatum	0	0.277982	68.87
GCA_008801775.1	GCA_049381025.1	Fusobacterium necrophorum	Fusobacterium watanabei	0	0.277982	68.87
GCA_000262225.1	GCA_056333145.1	Fusobacterium necrophorum	Fusobacterium nucleatum	0	0.277982	68.87
GCA_000279975.1	GCA_900104395.1	Fusobacterium vincentii	Fusobacterium necrophorum	0	0.277982	68.87
GCA_008801775.1	GCA_965217535.1	Fusobacterium necrophorum	Fusobacterium watanabei	0	0.277982	68.87
GCA_000262225.1	GCA_000292935.1	Fusobacterium necrophorum	Fusobacterium hwasookii	0	0.278309	68.83
GCA_000262225.1	GCA_050920715.1	Fusobacterium necrophorum	Fusobacterium nucleatum	0	0.278309	68.83
GCA_000262225.1	GCA_900450795.1	Fusobacterium necrophorum	Fusobacterium vincentii	0	0.278309	68.83
GCA_000262225.1	GCA_014217355.1	Fusobacterium necrophorum	Fusobacterium hwasookii	0	0.278638	68.79
GCA_000262225.1	GCA_049381025.1	Fusobacterium necrophorum	Fusobacterium watanabei	0	0.278638	68.79
GCA_002761955.1	GCA_900104395.1	Fusobacterium pseudoperiodonticum	Fusobacterium necrophorum	0	0.278638	68.79
GCA_000262225.1	GCA_965217535.1	Fusobacterium necrophorum	Fusobacterium watanabei	0	0.278638	68.79
GCA_000182945.1	GCA_000262225.1	Fusobacterium vincentii	Fusobacterium necrophorum	0	0.278970	68.76
GCA_000158315.2	GCA_026089295.1	Fusobacterium ulcerans	Fusobacterium simiae	0	0.279978	68.64
GCA_003019675.1	GCA_026089295.1	Fusobacterium ulcerans	Fusobacterium simiae	0	0.279978	68.64
GCA_008801775.1	GCA_026089295.1	Fusobacterium necrophorum	Fusobacterium simiae	0	0.280662	68.57
GCA_008801775.1	GCA_965278035.1	Fusobacterium necrophorum	Fusobacterium paranimalis	0	0.281008	68.53
GCA_000160475.1	GCA_008801775.1	Fusobacterium periodonticum	Fusobacterium necrophorum	0	0.281356	68.49
GCA_000158835.2	GCA_000622245.1	Fusobacterium gonidiaformans	Fusobacterium perfoetens	0	0.281707	68.45
GCA_000153625.1	GCA_008801775.1	Fusobacterium polymorphum	Fusobacterium necrophorum	0	0.281707	68.45
GCA_000262225.1	GCA_026089295.1	Fusobacterium necrophorum	Fusobacterium simiae	0	0.281707	68.45
GCA_000158835.2	GCA_900637705.1	Fusobacterium gonidiaformans	Fusobacterium varium	0	0.281707	68.45
GCA_008801775.1	GCA_016724785.1	Fusobacterium necrophorum	Fusobacterium canifelinum	0	0.282061	68.41
GCA_026089295.1	GCA_900450765.1	Fusobacterium simiae	Fusobacterium necrogenes	0	0.282061	68.41
GCA_000262225.1	GCA_965278035.1	Fusobacterium necrophorum	Fusobacterium paranimalis	0	0.282061	68.41
GCA_000160475.1	GCA_000262225.1	Fusobacterium periodonticum	Fusobacterium necrophorum	0	0.282417	68.37
GCA_000153625.1	GCA_000262225.1	Fusobacterium polymorphum	Fusobacterium necrophorum	0	0.282776	68.33
GCA_000158315.2	GCA_003019695.1	Fusobacterium ulcerans	Fusobacterium gonidiaformans	0	0.282776	68.33
GCA_003019675.1	GCA_003019695.1	Fusobacterium ulcerans	Fusobacterium gonidiaformans	0	0.282776	68.33
GCA_008801775.1	GCA_900637705.1	Fusobacterium necrophorum	Fusobacterium varium	0	0.283138	68.29
GCA_002761955.1	GCA_008801775.1	Fusobacterium pseudoperiodonticum	Fusobacterium necrophorum	0	0.283502	68.25
GCA_000262225.1	GCA_016724785.1	Fusobacterium necrophorum	Fusobacterium canifelinum	0	0.283502	68.25
GCA_008801775.1	GCA_900450765.1	Fusobacterium necrophorum	Fusobacterium necrogenes	0	0.284612	68.12
GCA_000262225.1	GCA_002761955.1	Fusobacterium necrophorum	Fusobacterium pseudoperiodonticum	0	0.284988	68.08
GCA_900095285.1	GCA_900104395.1	Fusobacterium gastrosuis	Fusobacterium necrophorum	0	0.284988	68.08
GCA_000262225.1	GCA_900637705.1	Fusobacterium necrophorum	Fusobacterium varium	0	0.285367	68.04
GCA_000381725.1	GCA_900637705.1	Fusobacterium russii	Fusobacterium varium	0	0.285367	68.04
GCA_000262225.1	GCA_900450765.1	Fusobacterium necrophorum	Fusobacterium necrogenes	0	0.286523	67.91
GCA_000381725.1	GCA_008801775.1	Fusobacterium russii	Fusobacterium necrophorum	0	0.286914	67.87
GCA_008801775.1	GCA_014337255.1	Fusobacterium necrophorum	Fusobacterium hominis	0	0.287707	67.78
GCA_000262225.1	GCA_000381725.1	Fusobacterium necrophorum	Fusobacterium russii	0	0.288108	67.73
GCA_000158315.2	GCA_000381725.1	Fusobacterium ulcerans	Fusobacterium russii	0	0.288921	67.64
GCA_000381725.1	GCA_003019675.1	Fusobacterium russii	Fusobacterium ulcerans	0	0.288921	67.64
GCA_000262225.1	GCA_014337255.1	Fusobacterium necrophorum	Fusobacterium hominis	0	0.290168	67.50
GCA_900104395.1	GCA_900637705.1	Fusobacterium necrophorum	Fusobacterium varium	0	0.292320	67.26
GCA_000158835.2	GCA_003019675.1	Fusobacterium gonidiaformans	Fusobacterium ulcerans	0	0.295508	66.90
GCA_000158315.2	GCA_008801775.1	Fusobacterium ulcerans	Fusobacterium necrophorum	0	0.295508	66.90
GCA_014337255.1	GCA_900104395.1	Fusobacterium hominis	Fusobacterium necrophorum	0	0.295508	66.90
GCA_000158315.2	GCA_000158835.2	Fusobacterium ulcerans	Fusobacterium gonidiaformans	0	0.295981	66.85
GCA_003019675.1	GCA_008801775.1	Fusobacterium ulcerans	Fusobacterium necrophorum	0	0.295981	66.85
GCA_900104395.1	GCA_900450765.1	Fusobacterium necrophorum	Fusobacterium necrogenes	0	0.295981	66.85
GCA_000158315.2	GCA_000262225.1	Fusobacterium ulcerans	Fusobacterium necrophorum	0	0.298421	66.58
GCA_000262225.1	GCA_003019675.1	Fusobacterium necrophorum	Fusobacterium ulcerans	0	0.298421	66.58
GCA_000158315.2	GCA_900104395.1	Fusobacterium ulcerans	Fusobacterium necrophorum	0	0.307802	65.53
GCA_003019675.1	GCA_900104395.1	Fusobacterium ulcerans	Fusobacterium necrophorum	0	0.307802	65.53
GCA_000622245.1	GCA_008801775.1	Fusobacterium perfoetens	Fusobacterium necrophorum	0	0.308416	65.46
GCA_000262225.1	GCA_000622245.1	Fusobacterium necrophorum	Fusobacterium perfoetens	0	0.309038	65.39
GCA_000622245.1	GCA_900104395.1	Fusobacterium perfoetens	Fusobacterium necrophorum	0	0.313636	64.87
