scenario	dist_lo	dist_hi	same_genus	total	p_same_genus	cum_total	cum_p
as_reported	0.0000	0.0050	11998	12003	0.999583	12003	0.999583
as_reported	0.0050	0.0100	303	303	1.000000	12306	0.999594
as_reported	0.0100	0.0150	303	305	0.993443	12611	0.999445
as_reported	0.0150	0.0200	256	257	0.996109	12868	0.999378
as_reported	0.0200	0.0250	230	230	1.000000	13098	0.999389
as_reported	0.0250	0.0300	212	212	1.000000	13310	0.999399
as_reported	0.0300	0.0350	250	250	1.000000	13560	0.999410
as_reported	0.0350	0.0400	295	295	1.000000	13855	0.999423
as_reported	0.0400	0.0450	292	292	1.000000	14147	0.999435
as_reported	0.0450	0.0500	346	346	1.000000	14493	0.999448
as_reported	0.0500	0.0550	365	365	1.000000	14858	0.999462
as_reported	0.0550	0.0600	393	395	0.994937	15253	0.999344
as_reported	0.0600	0.0650	381	382	0.997382	15635	0.999296
as_reported	0.0650	0.0700	357	357	1.000000	15992	0.999312
as_reported	0.0700	0.0750	359	359	1.000000	16351	0.999327
as_reported	0.0750	0.0800	378	378	1.000000	16729	0.999342
as_reported	0.0800	0.0850	414	414	1.000000	17143	0.999358
as_reported	0.0850	0.0900	352	352	1.000000	17495	0.999371
as_reported	0.0900	0.0950	374	374	1.000000	17869	0.999384
as_reported	0.0950	0.1000	335	335	1.000000	18204	0.999396
as_reported	0.1000	0.1050	383	385	0.994805	18589	0.999301
as_reported	0.1050	0.1100	339	341	0.994135	18930	0.999208
as_reported	0.1100	0.1150	425	425	1.000000	19355	0.999225
as_reported	0.1150	0.1200	370	370	1.000000	19725	0.999240
as_reported	0.1200	0.1250	335	339	0.988201	20064	0.999053
as_reported	0.1250	0.1300	385	387	0.994832	20451	0.998973
as_reported	0.1300	0.1350	374	382	0.979058	20833	0.998608
as_reported	0.1350	0.1400	382	399	0.957393	21232	0.997833
as_reported	0.1400	0.1450	342	358	0.955307	21590	0.997128
as_reported	0.1450	0.1500	311	332	0.936747	21922	0.996214
as_reported	0.1500	0.1550	361	385	0.937662	22307	0.995203
as_reported	0.1550	0.1600	337	369	0.913279	22676	0.993870
as_reported	0.1600	0.1650	315	357	0.882353	23033	0.992142
as_reported	0.1650	0.1700	337	387	0.870801	23420	0.990137
as_reported	0.1700	0.1750	323	378	0.854497	23798	0.987982
as_reported	0.1750	0.1800	306	356	0.859551	24154	0.986089
as_reported	0.1800	0.1850	284	348	0.816092	24502	0.983675
as_reported	0.1850	0.1900	262	337	0.777448	24839	0.980877
as_reported	0.1900	0.1950	225	307	0.732899	25146	0.977849
as_reported	0.1950	0.2000	220	290	0.758621	25436	0.975350
as_reported	0.2000	0.2050	228	318	0.716981	25754	0.972160
as_reported	0.2050	0.2100	194	276	0.702899	26030	0.969305
as_reported	0.2100	0.2150	164	248	0.661290	26278	0.966398
as_reported	0.2150	0.2200	170	253	0.671937	26531	0.963590
as_reported	0.2200	0.2250	150	224	0.669643	26755	0.961129
as_reported	0.2250	0.2300	134	203	0.660099	26958	0.958862
as_reported	0.2300	0.2350	120	196	0.612245	27154	0.956360
as_reported	0.2350	0.2400	104	164	0.634146	27318	0.954426
as_reported	0.2400	0.2450	96	179	0.536313	27497	0.951704
as_reported	0.2450	0.2500	87	159	0.547170	27656	0.949378
as_reported	0.2500	0.2550	62	135	0.459259	27791	0.946997
as_reported	0.2550	0.2600	61	134	0.455224	27925	0.944637
as_reported	0.2600	0.2650	39	111	0.351351	28036	0.942288
as_reported	0.2650	0.2700	32	100	0.320000	28136	0.940077
as_reported	0.2700	0.2750	26	82	0.317073	28218	0.938266
as_reported	0.2750	0.2800	22	70	0.314286	28288	0.936722
as_reported	0.2800	0.2850	16	83	0.192771	28371	0.934546
as_reported	0.2850	0.2900	15	70	0.214286	28441	0.932773
as_reported	0.2900	0.2950	14	73	0.191781	28514	0.930876
as_reported	0.2950	0.3000	6	55	0.109091	28569	0.929294
as_reported	0.3000	0.3050	2	63	0.031746	28632	0.927319
as_reported	0.3050	0.3100	2	32	0.062500	28664	0.926354
as_reported	0.3100	0.3150	2	39	0.051282	28703	0.925165
as_reported	0.3150	0.3200	2	29	0.068966	28732	0.924300
as_reported	0.3200	0.3250	0	20	0.000000	28752	0.923657
as_reported	0.3250	0.3300	0	25	0.000000	28777	0.922855
as_reported	0.3300	0.3350	0	11	0.000000	28788	0.922502
as_reported	0.3350	0.3400	0	27	0.000000	28815	0.921638
as_reported	0.3400	0.3450	0	9	0.000000	28824	0.921350
as_reported	0.3450	0.3500	0	11	0.000000	28835	0.920999
as_reported	0.3500	0.3550	0	11	0.000000	28846	0.920648
as_reported	0.3550	0.3600	0	3	0.000000	28849	0.920552
as_reported	0.3600	0.3650	0	2	0.000000	28851	0.920488
as_reported	0.3650	0.3700	0	1	0.000000	28852	0.920456
as_reported	0.3700	0.3750	0	5	0.000000	28857	0.920297
as_reported	0.3750	0.3800	0	6	0.000000	28863	0.920105
as_reported	0.3800	0.3850	0	4	0.000000	28867	0.919978
as_reported	0.3900	0.3950	0	2	0.000000	28869	0.919914
as_reported	0.3950	0.4000	0	1	0.000000	28870	0.919882
no_self_strain	0.0000	0.0050	10826	10831	0.999538	10831	0.999538
no_self_strain	0.0050	0.0100	329	329	1.000000	11160	0.999552
no_self_strain	0.0100	0.0150	337	339	0.994100	11499	0.999391
no_self_strain	0.0150	0.0200	307	308	0.996753	11807	0.999322
no_self_strain	0.0200	0.0250	272	272	1.000000	12079	0.999338
no_self_strain	0.0250	0.0300	240	240	1.000000	12319	0.999351
no_self_strain	0.0300	0.0350	292	292	1.000000	12611	0.999366
no_self_strain	0.0350	0.0400	323	323	1.000000	12934	0.999381
no_self_strain	0.0400	0.0450	322	322	1.000000	13256	0.999396
no_self_strain	0.0450	0.0500	380	380	1.000000	13636	0.999413
no_self_strain	0.0500	0.0550	397	397	1.000000	14033	0.999430
no_self_strain	0.0550	0.0600	423	425	0.995294	14458	0.999308
no_self_strain	0.0600	0.0650	414	415	0.997590	14873	0.999260
no_self_strain	0.0650	0.0700	379	379	1.000000	15252	0.999279
no_self_strain	0.0700	0.0750	391	391	1.000000	15643	0.999297
no_self_strain	0.0750	0.0800	395	395	1.000000	16038	0.999314
no_self_strain	0.0800	0.0850	426	428	0.995327	16466	0.999210
no_self_strain	0.0850	0.0900	370	370	1.000000	16836	0.999228
no_self_strain	0.0900	0.0950	387	387	1.000000	17223	0.999245
no_self_strain	0.0950	0.1000	355	355	1.000000	17578	0.999260
no_self_strain	0.1000	0.1050	397	399	0.994987	17977	0.999166
no_self_strain	0.1050	0.1100	365	367	0.994550	18344	0.999073
no_self_strain	0.1100	0.1150	433	433	1.000000	18777	0.999095
no_self_strain	0.1150	0.1200	386	386	1.000000	19163	0.999113
no_self_strain	0.1200	0.1250	359	363	0.988981	19526	0.998925
no_self_strain	0.1250	0.1300	406	408	0.995098	19934	0.998846
no_self_strain	0.1300	0.1350	388	402	0.965174	20336	0.998181
no_self_strain	0.1350	0.1400	401	419	0.957041	20755	0.997350
no_self_strain	0.1400	0.1450	362	378	0.957672	21133	0.996640
no_self_strain	0.1450	0.1500	342	363	0.942149	21496	0.995720
no_self_strain	0.1500	0.1550	375	401	0.935162	21897	0.994611
no_self_strain	0.1550	0.1600	352	386	0.911917	22283	0.993179
no_self_strain	0.1600	0.1650	342	384	0.890625	22667	0.991441
no_self_strain	0.1650	0.1700	370	420	0.880952	23087	0.989431
no_self_strain	0.1700	0.1750	353	408	0.865196	23495	0.987274
no_self_strain	0.1750	0.1800	323	376	0.859043	23871	0.985254
no_self_strain	0.1800	0.1850	306	375	0.816000	24246	0.982636
no_self_strain	0.1850	0.1900	292	369	0.791328	24615	0.979768
no_self_strain	0.1900	0.1950	243	332	0.731928	24947	0.976470
no_self_strain	0.1950	0.2000	230	306	0.751634	25253	0.973746
no_self_strain	0.2000	0.2050	249	345	0.721739	25598	0.970349
no_self_strain	0.2050	0.2100	206	290	0.710345	25888	0.967437
no_self_strain	0.2100	0.2150	175	259	0.675676	26147	0.964547
no_self_strain	0.2150	0.2200	176	267	0.659176	26414	0.961460
no_self_strain	0.2200	0.2250	152	227	0.669604	26641	0.958973
no_self_strain	0.2250	0.2300	145	214	0.677570	26855	0.956731
no_self_strain	0.2300	0.2350	127	209	0.607656	27064	0.954035
no_self_strain	0.2350	0.2400	113	177	0.638418	27241	0.951984
no_self_strain	0.2400	0.2450	107	193	0.554404	27434	0.949187
no_self_strain	0.2450	0.2500	93	169	0.550296	27603	0.946745
no_self_strain	0.2500	0.2550	66	146	0.452055	27749	0.944142
no_self_strain	0.2550	0.2600	63	146	0.431507	27895	0.941459
no_self_strain	0.2600	0.2650	41	117	0.350427	28012	0.938990
no_self_strain	0.2650	0.2700	32	104	0.307692	28116	0.936655
no_self_strain	0.2700	0.2750	28	87	0.321839	28203	0.934759
no_self_strain	0.2750	0.2800	22	74	0.297297	28277	0.933090
no_self_strain	0.2800	0.2850	16	84	0.190476	28361	0.930891
no_self_strain	0.2850	0.2900	15	70	0.214286	28431	0.929127
no_self_strain	0.2900	0.2950	14	75	0.186667	28506	0.927173
no_self_strain	0.2950	0.3000	6	55	0.109091	28561	0.925598
no_self_strain	0.3000	0.3050	2	63	0.031746	28624	0.923631
no_self_strain	0.3050	0.3100	2	34	0.058824	28658	0.922605
no_self_strain	0.3100	0.3150	2	39	0.051282	28697	0.921420
no_self_strain	0.3150	0.3200	2	30	0.066667	28727	0.920528
no_self_strain	0.3200	0.3250	0	20	0.000000	28747	0.919887
no_self_strain	0.3250	0.3300	0	25	0.000000	28772	0.919088
no_self_strain	0.3300	0.3350	0	12	0.000000	28784	0.918705
no_self_strain	0.3350	0.3400	0	28	0.000000	28812	0.917812
no_self_strain	0.3400	0.3450	0	10	0.000000	28822	0.917494
no_self_strain	0.3450	0.3500	0	11	0.000000	28833	0.917144
no_self_strain	0.3500	0.3550	0	11	0.000000	28844	0.916794
no_self_strain	0.3550	0.3600	0	3	0.000000	28847	0.916698
no_self_strain	0.3600	0.3650	0	2	0.000000	28849	0.916635
no_self_strain	0.3650	0.3700	0	3	0.000000	28852	0.916540
no_self_strain	0.3700	0.3750	0	5	0.000000	28857	0.916381
no_self_strain	0.3750	0.3800	0	6	0.000000	28863	0.916190
no_self_strain	0.3800	0.3850	0	4	0.000000	28867	0.916063
no_self_strain	0.3900	0.3950	0	2	0.000000	28869	0.916000
no_self_strain	0.3950	0.4000	0	1	0.000000	28870	0.915968
novel_species	0.0000	0.0050	0	5	0.000000	5	0.000000
novel_species	0.0100	0.0150	0	2	0.000000	7	0.000000
novel_species	0.0150	0.0200	0	5	0.000000	12	0.000000
novel_species	0.0200	0.0250	2	5	0.400000	17	0.117647
novel_species	0.0250	0.0300	73	76	0.960526	93	0.806452
novel_species	0.0300	0.0350	156	156	1.000000	249	0.927711
novel_species	0.0350	0.0400	317	317	1.000000	566	0.968198
novel_species	0.0400	0.0450	729	729	1.000000	1295	0.986100
novel_species	0.0450	0.0500	925	925	1.000000	2220	0.991892
novel_species	0.0500	0.0550	834	834	1.000000	3054	0.994106
novel_species	0.0550	0.0600	852	854	0.997658	3908	0.994882
novel_species	0.0600	0.0650	834	835	0.998802	4743	0.995572
novel_species	0.0650	0.0700	840	840	1.000000	5583	0.996239
novel_species	0.0700	0.0750	832	832	1.000000	6415	0.996726
novel_species	0.0750	0.0800	754	754	1.000000	7169	0.997071
novel_species	0.0800	0.0850	810	812	0.997537	7981	0.997118
novel_species	0.0850	0.0900	737	737	1.000000	8718	0.997362
novel_species	0.0900	0.0950	730	730	1.000000	9448	0.997566
novel_species	0.0950	0.1000	744	753	0.988048	10201	0.996863
novel_species	0.1000	0.1050	770	772	0.997409	10973	0.996901
novel_species	0.1050	0.1100	701	703	0.997155	11676	0.996917
novel_species	0.1100	0.1150	785	785	1.000000	12461	0.997111
novel_species	0.1150	0.1200	715	717	0.997211	13178	0.997116
novel_species	0.1200	0.1250	718	729	0.984911	13907	0.996477
novel_species	0.1250	0.1300	734	737	0.995929	14644	0.996449
novel_species	0.1300	0.1350	666	696	0.956897	15340	0.994654
novel_species	0.1350	0.1400	700	727	0.962861	16067	0.993216
novel_species	0.1400	0.1450	647	673	0.961367	16740	0.991935
novel_species	0.1450	0.1500	630	658	0.957447	17398	0.990631
novel_species	0.1500	0.1550	654	700	0.934286	18098	0.988452
novel_species	0.1550	0.1600	603	665	0.906767	18763	0.985557
novel_species	0.1600	0.1650	565	637	0.886970	19400	0.982320
novel_species	0.1650	0.1700	590	680	0.867647	20080	0.978436
novel_species	0.1700	0.1750	539	637	0.846154	20717	0.974369
novel_species	0.1750	0.1800	486	573	0.848168	21290	0.970972
novel_species	0.1800	0.1850	462	579	0.797927	21869	0.966391
novel_species	0.1850	0.1900	436	569	0.766257	22438	0.961316
novel_species	0.1900	0.1950	361	489	0.738241	22927	0.956558
novel_species	0.1950	0.2000	376	491	0.765784	23418	0.952558
novel_species	0.2000	0.2050	331	484	0.683884	23902	0.947117
novel_species	0.2050	0.2100	291	433	0.672055	24335	0.942223
novel_species	0.2100	0.2150	292	414	0.705314	24749	0.938260
novel_species	0.2150	0.2200	248	387	0.640827	25136	0.933681
novel_species	0.2200	0.2250	223	335	0.665672	25471	0.930156
novel_species	0.2250	0.2300	190	302	0.629139	25773	0.926629
novel_species	0.2300	0.2350	192	314	0.611465	26087	0.922835
novel_species	0.2350	0.2400	180	272	0.661765	26359	0.920141
novel_species	0.2400	0.2450	145	251	0.577689	26610	0.916911
novel_species	0.2450	0.2500	143	252	0.567460	26862	0.913633
novel_species	0.2500	0.2550	104	211	0.492891	27073	0.910353
novel_species	0.2550	0.2600	94	195	0.482051	27268	0.907291
novel_species	0.2600	0.2650	52	152	0.342105	27420	0.904158
novel_species	0.2650	0.2700	47	142	0.330986	27562	0.901205
novel_species	0.2700	0.2750	35	113	0.309735	27675	0.898790
novel_species	0.2750	0.2800	28	100	0.280000	27775	0.896562
novel_species	0.2800	0.2850	24	111	0.216216	27886	0.893854
novel_species	0.2850	0.2900	20	89	0.224719	27975	0.891725
novel_species	0.2900	0.2950	19	86	0.220930	28061	0.889669
novel_species	0.2950	0.3000	7	73	0.095890	28134	0.887609
novel_species	0.3000	0.3050	2	72	0.027778	28206	0.885414
novel_species	0.3050	0.3100	3	46	0.065217	28252	0.884079
novel_species	0.3100	0.3150	2	42	0.047619	28294	0.882837
novel_species	0.3150	0.3200	6	39	0.153846	28333	0.881834
novel_species	0.3200	0.3250	0	27	0.000000	28360	0.880994
novel_species	0.3250	0.3300	0	25	0.000000	28385	0.880218
novel_species	0.3300	0.3350	0	15	0.000000	28400	0.879754
novel_species	0.3350	0.3400	0	28	0.000000	28428	0.878887
novel_species	0.3400	0.3450	0	10	0.000000	28438	0.878578
novel_species	0.3450	0.3500	0	13	0.000000	28451	0.878177
novel_species	0.3500	0.3550	0	12	0.000000	28463	0.877806
novel_species	0.3550	0.3600	0	3	0.000000	28466	0.877714
novel_species	0.3600	0.3650	0	2	0.000000	28468	0.877652
novel_species	0.3650	0.3700	0	3	0.000000	28471	0.877560
novel_species	0.3700	0.3750	0	5	0.000000	28476	0.877406
novel_species	0.3750	0.3800	0	6	0.000000	28482	0.877221
novel_species	0.3800	0.3850	0	4	0.000000	28486	0.877098
novel_species	0.3850	0.3900	0	1	0.000000	28487	0.877067
novel_species	0.3900	0.3950	0	2	0.000000	28489	0.877005
novel_species	0.3950	0.4000	0	2	0.000000	28491	0.876944
