domain	dist_lo	genera	pairs	micro_p	macro_p	ci_lo	ci_hi	q1	median	q3
Bacteria	0.0000	109	7932	1.000000	1.000000	1.000000	1.000000	1.000000	1.000000	1.000000
Bacteria	0.0050	3	148	0.972973	0.985965	0.957895	1.000000	0.957895	1.000000	1.000000
Bacteria	0.0100	10	743	0.997308	0.997701	0.993103	1.000000	1.000000	1.000000	1.000000
Bacteria	0.0150	13	413	0.912833	0.908158	0.783997	1.000000	1.000000	1.000000	1.000000
Bacteria	0.0200	16	701	0.890157	0.907462	0.799355	0.999265	1.000000	1.000000	1.000000
Bacteria	0.0250	9	441	0.904762	0.854815	0.657778	1.000000	1.000000	1.000000	1.000000
Bacteria	0.0300	11	719	0.717663	0.842389	0.635673	0.991202	0.903226	1.000000	1.000000
Bacteria	0.0350	8	387	1.000000	1.000000	1.000000	1.000000	1.000000	1.000000	1.000000
Bacteria	0.0400	19	1025	0.998049	0.998355	0.995066	1.000000	1.000000	1.000000	1.000000
Bacteria	0.0450	14	897	0.989967	0.971337	0.917674	1.000000	1.000000	1.000000	1.000000
Bacteria	0.0500	21	1852	0.998920	0.999232	0.997696	1.000000	1.000000	1.000000	1.000000
Bacteria	0.0550	20	1092	0.987179	0.973810	0.937500	0.999554	1.000000	1.000000	1.000000
Bacteria	0.0600	25	1640	0.996341	0.994474	0.984505	1.000000	1.000000	1.000000	1.000000
Bacteria	0.0650	24	1301	0.989239	0.977002	0.936959	1.000000	1.000000	1.000000	1.000000
Bacteria	0.0700	34	2488	0.950563	0.932896	0.857129	0.986674	0.998415	1.000000	1.000000
Bacteria	0.0750	26	1569	0.991714	0.992748	0.983335	1.000000	1.000000	1.000000	1.000000
Bacteria	0.0800	39	2710	0.969373	0.947007	0.881011	0.992673	1.000000	1.000000	1.000000
Bacteria	0.0850	26	2674	0.975692	0.954925	0.905455	0.992566	0.996149	1.000000	1.000000
Bacteria	0.0900	44	4510	0.985366	0.973880	0.948389	0.992348	1.000000	1.000000	1.000000
Bacteria	0.0950	34	2962	0.970966	0.954092	0.920646	0.981835	0.948718	1.000000	1.000000
Bacteria	0.1000	47	5812	0.978665	0.962129	0.931118	0.986908	0.987887	1.000000	1.000000
Bacteria	0.1050	36	4556	0.986831	0.964982	0.920917	0.994138	1.000000	1.000000	1.000000
Bacteria	0.1100	69	8873	0.971261	0.921600	0.872415	0.965286	0.966805	1.000000	1.000000
Bacteria	0.1150	44	6288	0.989027	0.983247	0.966504	0.996189	1.000000	1.000000	1.000000
Bacteria	0.1200	76	10543	0.976098	0.942543	0.902502	0.976600	0.991597	1.000000	1.000000
Bacteria	0.1250	65	8209	0.984407	0.964776	0.943227	0.983137	0.989872	1.000000	1.000000
Bacteria	0.1300	96	17355	0.971017	0.929289	0.886454	0.964466	0.969388	1.000000	1.000000
Bacteria	0.1350	77	17451	0.939373	0.853765	0.782787	0.912946	0.865385	1.000000	1.000000
Bacteria	0.1400	118	36902	0.931738	0.767564	0.698792	0.830680	0.634921	0.990595	1.000000
Bacteria	0.1450	93	29529	0.931965	0.752153	0.676198	0.822980	0.612903	0.977376	1.000000
Bacteria	0.1500	162	46753	0.898595	0.676261	0.614726	0.734113	0.339623	0.923190	1.000000
Bacteria	0.1550	135	36879	0.846634	0.633990	0.564422	0.701616	0.228070	0.868421	1.000000
Bacteria	0.1600	180	65117	0.795445	0.552933	0.491107	0.615575	0.020548	0.730303	1.000000
Bacteria	0.1650	176	54908	0.762093	0.502238	0.440156	0.568664	0.000000	0.564706	0.996552
Bacteria	0.1700	260	117364	0.718057	0.425630	0.374079	0.479437	0.000000	0.233887	0.960000
Bacteria	0.1750	250	103758	0.696081	0.353275	0.301659	0.403414	0.000000	0.098492	0.874494
Bacteria	0.1800	341	198134	0.653512	0.296608	0.255076	0.338646	0.000000	0.025907	0.658228
Bacteria	0.1850	319	141454	0.614723	0.259016	0.219172	0.300989	0.000000	0.004689	0.439394
Bacteria	0.1900	438	223578	0.562001	0.204142	0.171898	0.238021	0.000000	0.000000	0.246724
Bacteria	0.1950	440	160597	0.468191	0.172904	0.142175	0.202197	0.000000	0.000000	0.123318
Bacteria	0.2000	609	255964	0.356546	0.144758	0.120875	0.168986	0.000000	0.000000	0.071770
Bacteria	0.2050	568	171765	0.279830	0.122034	0.100333	0.144185	0.000000	0.000000	0.062500
Bacteria	0.2100	837	342383	0.210451	0.096362	0.080508	0.112850	0.000000	0.000000	0.018182
Bacteria	0.2150	771	207421	0.158677	0.083364	0.067331	0.100199	0.000000	0.000000	0.010549
Bacteria	0.2200	1033	390001	0.127523	0.069603	0.057493	0.082802	0.000000	0.000000	0.002865
Bacteria	0.2250	924	249876	0.099469	0.055934	0.044304	0.068733	0.000000	0.000000	0.000000
Bacteria	0.2300	1227	583183	0.076160	0.053870	0.044080	0.064136	0.000000	0.000000	0.000000
Bacteria	0.2350	1186	516818	0.055938	0.045266	0.036084	0.055688	0.000000	0.000000	0.000000
Bacteria	0.2400	1417	1046552	0.040575	0.042982	0.034751	0.051107	0.000000	0.000000	0.000000
Bacteria	0.2450	1292	753225	0.031047	0.036622	0.028679	0.045104	0.000000	0.000000	0.000000
Bacteria	0.2500	1565	1572201	0.023398	0.033755	0.026876	0.041151	0.000000	0.000000	0.000000
Bacteria	0.2550	1538	1436541	0.017518	0.030631	0.023957	0.037360	0.000000	0.000000	0.000000
Bacteria	0.2600	1840	2973354	0.013223	0.026032	0.020733	0.031696	0.000000	0.000000	0.000000
Bacteria	0.2650	1566	1248944	0.010738	0.021303	0.016042	0.026848	0.000000	0.000000	0.000000
Bacteria	0.2700	1930	3015240	0.009246	0.019071	0.014964	0.023825	0.000000	0.000000	0.000000
Bacteria	0.2750	2083	3849622	0.008030	0.015144	0.011493	0.019093	0.000000	0.000000	0.000000
Bacteria	0.2800	1938	2342258	0.006842	0.011450	0.008227	0.015011	0.000000	0.000000	0.000000
Bacteria	0.2850	2426	5896134	0.005736	0.008578	0.006340	0.011140	0.000000	0.000000	0.000000
Bacteria	0.2900	2363	3810029	0.004465	0.005933	0.003792	0.008256	0.000000	0.000000	0.000000
Bacteria	0.3000	2521	4657058	0.003854	0.004419	0.002840	0.006261	0.000000	0.000000	0.000000
Bacteria	0.3050	2726	5845202	0.003236	0.003192	0.001932	0.004696	0.000000	0.000000	0.000000
Bacteria	0.3100	2926	7580621	0.002521	0.002504	0.001477	0.003844	0.000000	0.000000	0.000000
Bacteria	0.3200	3176	10223945	0.001805	0.001492	0.000786	0.002420	0.000000	0.000000	0.000000
Bacteria	0.3250	3477	14331977	0.001162	0.000701	0.000298	0.001328	0.000000	0.000000	0.000000
Bacteria	0.3350	3779	21205816	0.000645	0.000206	0.000090	0.000374	0.000000	0.000000	0.000000
Bacteria	0.3500	3956	33979170	0.000298	0.000049	0.000025	0.000079	0.000000	0.000000	0.000000
Bacteria	0.3700	4011	66921737	0.000099	0.000008	0.000004	0.000014	0.000000	0.000000	0.000000
Archaea	0.0850	2	78	1.000000	1.000000	1.000000	1.000000	1.000000	1.000000	1.000000
Archaea	0.0900	2	108	1.000000	1.000000	1.000000	1.000000	1.000000	1.000000	1.000000
Archaea	0.0950	2	70	1.000000	1.000000	1.000000	1.000000	1.000000	1.000000	1.000000
Archaea	0.1000	2	108	1.000000	1.000000	1.000000	1.000000	1.000000	1.000000	1.000000
Archaea	0.1200	2	146	0.972603	0.980198	0.960396	1.000000	0.960396	0.980198	1.000000
Archaea	0.1250	2	66	1.000000	1.000000	1.000000	1.000000	1.000000	1.000000	1.000000
Archaea	0.1300	4	225	1.000000	1.000000	1.000000	1.000000	1.000000	1.000000	1.000000
Archaea	0.1350	4	164	1.000000	1.000000	1.000000	1.000000	1.000000	1.000000	1.000000
Archaea	0.1400	5	276	0.996377	0.998230	0.994690	1.000000	1.000000	1.000000	1.000000
Archaea	0.1450	3	200	0.945000	0.932367	0.833333	1.000000	0.833333	0.963768	1.000000
Archaea	0.1500	5	414	0.753623	0.700321	0.304444	0.995876	0.522222	0.979381	1.000000
Archaea	0.1550	6	335	0.674627	0.561424	0.239130	0.887181	0.045455	0.689130	0.944828
Archaea	0.1600	10	567	0.477954	0.460316	0.213002	0.711848	0.071429	0.337500	0.869565
Archaea	0.1650	9	422	0.417062	0.391426	0.174214	0.617276	0.000000	0.285714	0.750000
Archaea	0.1700	15	908	0.243392	0.261384	0.097442	0.453363	0.000000	0.070175	0.446429
Archaea	0.1750	11	715	0.230769	0.215723	0.031729	0.450779	0.000000	0.015385	0.174603
Archaea	0.1800	19	1382	0.208394	0.157553	0.042703	0.301542	0.000000	0.000000	0.148649
Archaea	0.1850	23	1272	0.194969	0.166832	0.049858	0.308871	0.000000	0.000000	0.260870
Archaea	0.1900	38	2918	0.109321	0.073302	0.022563	0.141207	0.000000	0.000000	0.050473
Archaea	0.1950	40	2902	0.067884	0.039776	0.003159	0.098175	0.000000	0.000000	0.000000
Archaea	0.2000	56	5878	0.040490	0.035177	0.006187	0.077185	0.000000	0.000000	0.000000
Archaea	0.2050	49	4445	0.016423	0.025852	0.003109	0.061991	0.000000	0.000000	0.000000
Archaea	0.2100	67	12717	0.003381	0.011931	0.000251	0.033860	0.000000	0.000000	0.000000
Archaea	0.2150	62	9675	0.000827	0.004414	0.000000	0.013036	0.000000	0.000000	0.000000
Archaea	0.2200	73	21702	0.001244	0.008812	0.000010	0.025707	0.000000	0.000000	0.000000
Archaea	0.2250	69	15042	0.000000	0.000000	0.000000	0.000000	0.000000	0.000000	0.000000
Archaea	0.2300	76	33186	0.000271	0.000893	0.000000	0.002654	0.000000	0.000000	0.000000
Archaea	0.2350	78	25168	0.000238	0.000358	0.000000	0.001017	0.000000	0.000000	0.000000
Archaea	0.2400	81	40346	0.000273	0.000471	0.000000	0.001412	0.000000	0.000000	0.000000
Archaea	0.2450	79	21949	0.000228	0.000258	0.000000	0.000773	0.000000	0.000000	0.000000
Archaea	0.2500	85	36100	0.000499	0.006611	0.000000	0.019692	0.000000	0.000000	0.000000
Archaea	0.2550	83	23155	0.000864	0.008390	0.000000	0.025120	0.000000	0.000000	0.000000
Archaea	0.2600	88	32614	0.001901	0.009744	0.000161	0.028187	0.000000	0.000000	0.000000
Archaea	0.2650	71	9172	0.002181	0.009122	0.000000	0.027367	0.000000	0.000000	0.000000
Archaea	0.2700	79	16531	0.003509	0.006831	0.000000	0.020429	0.000000	0.000000	0.000000
Archaea	0.2750	78	13235	0.008538	0.028831	0.000000	0.065544	0.000000	0.000000	0.000000
Archaea	0.2800	58	5400	0.006852	0.008584	0.000000	0.025555	0.000000	0.000000	0.000000
Archaea	0.2850	76	9846	0.010461	0.015785	0.000797	0.034931	0.000000	0.000000	0.000000
Archaea	0.2900	55	5712	0.008053	0.014466	0.000000	0.034805	0.000000	0.000000	0.000000
Archaea	0.3000	60	9079	0.004075	0.013713	0.001333	0.031704	0.000000	0.000000	0.000000
Archaea	0.3050	67	17938	0.000836	0.002406	0.000000	0.007218	0.000000	0.000000	0.000000
Archaea	0.3100	77	35967	0.000361	0.001122	0.000000	0.003282	0.000000	0.000000	0.000000
Archaea	0.3200	99	76553	0.000091	0.000488	0.000000	0.001463	0.000000	0.000000	0.000000
Archaea	0.3250	113	154992	0.000032	0.000285	0.000000	0.000856	0.000000	0.000000	0.000000
Archaea	0.3350	119	313713	0.000003	0.000105	0.000000	0.000315	0.000000	0.000000	0.000000
Archaea	0.3500	149	633727	0.000000	0.000000	0.000000	0.000000	0.000000	0.000000	0.000000
Archaea	0.3700	187	1315463	0.000000	0.000000	0.000000	0.000000	0.000000	0.000000	0.000000
